﻿<?xml version="1.0" encoding="utf-8"?>
<JobDescription>
  <LogicalName>Check Escalator</LogicalName>
  <LogicalExpression>
    <![CDATA[:DialogChecker]]>
  </LogicalExpression>
  <Checkers type="array">
		<Checker>
			<LogicalName>DialogChecker</LogicalName>
			<PhysicalPath>WPFDialogChecker.dll</PhysicalPath>
			<Parameters>DialogChecker-Result</Parameters>
		</Checker>
  </Checkers>
  <Workers type="array">
    <Worker>
      <LogicalExpression>Check Escalator:False</LogicalExpression>
      <SubWorkers type="array">
        <SubWorker>
          <PhysicalPath>Escalator.exe</PhysicalPath>
          <Parameters Transport="File">
            <SubWorkers type="array">
              <SubWorker RunCounter="1">
                <PhysicalPath>ConsoleMessageBox.exe</PhysicalPath>
                <Parameters>Stufe 1 (Run 1) %Timestamp%: %MachineName% %Event% von %Source% in %Sender%|Logical: %Logical% %Exception%|Info</Parameters>
              </SubWorker>
              <SubWorker RunCounter="3">
                <PhysicalPath>ConsoleMessageBox.exe</PhysicalPath>
                <Parameters>Stufe 2 (Run 3) %Timestamp%: %MachineName% ACHTUNG %Event% von %Source% in %Sender%|Logical: %Logical% %Exception%|Warnung</Parameters>
              </SubWorker>
            </SubWorkers>
          </Parameters>
          <Trigger>
            <PhysicalPath>TimerTrigger.dll</PhysicalPath>
            <Parameters>S:10</Parameters>
          </Trigger>
        </SubWorker>
      </SubWorkers>
    </Worker>
    <Worker>
      <LogicalExpression>Check Escalator:Exception</LogicalExpression>
      <SubWorkers type="array">
        <SubWorker>
          <PhysicalPath>Escalator.exe</PhysicalPath>
          <Parameters Transport="File">
            <SubWorkers type="array">
              <SubWorker RunCounter="1">
                <PhysicalPath>ConsoleMessageBox.exe</PhysicalPath>
                <Parameters>Stufe 1 (Run 1) %Timestamp%: %MachineName% %Event% von %Source% in %Sender%|Logical: %Logical% %Exception%|Fehler</Parameters>
              </SubWorker>
              <SubWorker RunCounter="2">
                <PhysicalPath>ConsoleMessageBox.exe</PhysicalPath>
                <Parameters>Stufe 2 (Run 2) %Timestamp%: %MachineName% DRINGEND! %Event% von %Source% in %Sender%|Logical: %Logical% %Exception%|Fehler</Parameters>
              </SubWorker>
            </SubWorkers>
          </Parameters>
          <Trigger>
            <PhysicalPath>TimerTrigger.dll</PhysicalPath>
            <Parameters>S:15</Parameters>
          </Trigger>
        </SubWorker>
      </SubWorkers>
    </Worker>
  </Workers>
</JobDescription>
