<?xml version="1.0"?>
<doc>
    <assembly>
        <name>CheckerHistoryLogger</name>
    </assembly>
    <members>
        <member name="T:Vishnu_UserModules.CheckerHistoryLogger">
             <summary>
             Der CheckerHistoryLogger erzeugt Logfiles für die Ergebnisse beliebiger Checker.
             Er wird selbst als Checker im Job definiert und ruft seinerseits den
             tatsächlichen Checker als Sub-Checker auf, dessen Name in den Parametern
             übergeben wurde.
             Die Dll des Sub-Checkers muss sich (inkl. dort referenzierter Assemblies)
             im Plugin-Verzeichnis des aktuellen Jobs befinden.
             CheckerHistoryLogger lädt die Dll später dynamisch und ruft deren
             Run-Routine auf.
             Danach lädt CheckerHistoryLogger eine Logdatei mit historischen Werten des
             Sub-Checkers und ergänzt diese um die aktuellen Werte.
             In dieser Klasse wird nur mit ToString() gearbeitet, da der Typ des
             konkreten ReturnObjects des Sub-Checkers hier unbekannt ist.
             ToDo:
             Für ein spezifischeres Logging des ReturnObjects des SubCheckers kann
             diese Klasse abgeleitet werden und die virtuellen Methoden
             SetupSubCheckerResultsLogging, LogSubCheckerData und ReadHistory überschrieben werden.
             </summary>
             <remarks>
             Autor: Erik Nagel
            
             21.10.2021 Erik Nagel: erstellt
             </remarks>
        </member>
        <member name="E:Vishnu_UserModules.CheckerHistoryLogger.NodeProgressChanged">
            <summary>
            Kann aufgerufen werden, wenn sich der Verarbeitungs-Fortschritt
            des Checkers geändert hat, muss aber zumindest aber einmal zum
            Schluss der Verarbeitung aufgerufen werden.
            </summary>
        </member>
        <member name="P:Vishnu_UserModules.CheckerHistoryLogger.ReturnObject">
            <summary>
            Rückgabe-Objekt des Checkers
            </summary>
        </member>
        <member name="M:Vishnu_UserModules.CheckerHistoryLogger.Run(System.Object,Vishnu.Interchange.TreeParameters,Vishnu.Interchange.TreeEvent)">
            <summary>
            Hier wird der Arbeitsprozess ausgeführt (oder beobachtet).
            </summary>
            <param name="checkerParameters">Ihre Aufrufparameter aus der JobDescription.xml oder null.</param>
            <param name="treeParameters">Für den gesamten Tree gültige Parameter, enthält den Pfad zum Job/Plugin-Verzeichnis.</param>
            <param name="source">Auslösendes TreeEvent (kann null sein).</param>
            <returns>True, False oder null</returns>
        </member>
        <member name="P:Vishnu_UserModules.CheckerHistoryLogger.LoggingRegexId">
            <summary>
            Kürzel, das den Namen der aktuellen SubChecker-Dll enthält und steuert,
            dass das Logging, welches eigentlich ein broedcasting an alle bedeutet,
            nur für den in SetupSubCheckerResultsLogging() aufgesetzten Logger
            gefiltert wird.
            </summary>
        </member>
        <member name="M:Vishnu_UserModules.CheckerHistoryLogger.#ctor">
            <summary>
            Konstruktor - holt den InfoController und richtet das globale Logging ein.
            </summary>
        </member>
        <member name="M:Vishnu_UserModules.CheckerHistoryLogger.Dispose">
            <summary>
            Öffentliche Methode zum Aufräumen.
            </summary>
        </member>
        <member name="M:Vishnu_UserModules.CheckerHistoryLogger.Dispose(System.Boolean)">
            <summary>
            Abschlussarbeiten.
            </summary>
            <param name="disposing">False, wenn vom eigenen Destruktor aufgerufen.</param>
        </member>
        <member name="M:Vishnu_UserModules.CheckerHistoryLogger.Finalize">
            <summary>
            Finalizer: wird vom GarbageCollector aufgerufen.
            </summary>
        </member>
        <member name="M:Vishnu_UserModules.CheckerHistoryLogger.SetupSubCheckerResultsLogging(System.String)">
            <summary>
            Richtet das Logging für Ergebnisse des SubCheckers ein.
            Diese Standardimplementierung richtet ein einfaches Textfile-Loggin in das DLL-Verzeichnis
            des SubCheckers ein und arbeitet mit ToString.
            Für ein spezifischeres Logging mit einem typisierten subCheckerReturnObject kann diese
            Routine überschrieben werden.
            </summary>
            <param name="loggingRegexId">Kürzel, das den Namen der aktuellen SubChecker-Dll enthält und steuert,
            dass das Logging, welches eigentlich ein broadcasting an alle bedeutet, nur für den in
            SetupSubCheckerResultsLogging() aufgesetzten Logger gefiltert wird (z.B. '#checkdiskspace#').</param>
        </member>
        <member name="M:Vishnu_UserModules.CheckerHistoryLogger.LogSubCheckerData(System.Nullable{System.Boolean},System.Object,System.String)">
            <summary>
            Loggt ein Returnobject eines SubCheckers über dessen ToString()-Methode in eine Textdatei.
            Für ein spezifischeres Logging mit einem typisierten subCheckerReturnObject kann diese
            Routine überschrieben werden.
            </summary>
            <param name="logicalResult">Das logische Ergebnis eines SubCheckers (true, false oder null).</param>
            <param name="subCheckerReturnObject">Das ReturnObject eines SubCheckers.</param>
            <param name="loggingRegexId">Kürzel, das den Namen der aktuellen SubChecker-Dll enthält und steuert,
            dass das Logging, welches eigentlich ein broadcasting an alle bedeutet, nur für den in
            SetupSubCheckerResultsLogging() aufgesetzten Logger gefiltert wird (z.B. '#checkdiskspace#').</param>
        </member>
        <member name="M:Vishnu_UserModules.CheckerHistoryLogger.ReadHistory(System.String)">
            <summary>
            Liest historische Ergebnisse des SubCheckers in eine Objekt-Liste ein.
            Diese Standardimplementierung erwartet ein Textfile im Verzeichnis der SubChecker-Dll.
            Für ein spezifischeres Logging mit einem typisierten subCheckerReturnObject kann diese
            Routine überschrieben werden.
            </summary>
            <param name="loggingRegexId">Kürzel, das den Namen der aktuellen SubChecker-Dll enthält und steuert,
            dass das Logging, welches eigentlich ein broadcasting an alle bedeutet, nur für den in
            SetupSubCheckerResultsLogging() aufgesetzten Logger gefiltert wird (z.B. '#checkdiskspace#').</param>
            <returns>Eine Objekt-Liste von historischen ReturnObjects des SubCheckers.</returns>
        </member>
        <member name="T:Vishnu_UserModules.CheckerHistoryLogger_ReturnObject">
             <summary>
             ReturnObject für das Ergebnis des CheckerHistoryLoggers.
             </summary>
             <remarks>
             Autor: Erik Nagel, NetEti
            
             27.11.2020 Erik Nagel: erstellt
             30.08.2022 Erik Nagel: verallgemeinert.
             </remarks>
        </member>
        <member name="T:Vishnu_UserModules.CheckerHistoryLogger_ReturnObject.SubResultListContainer">
            <summary>
            Wrapper-Klasse um List&lt;SubResult&gt; SubResults.
            </summary>
        </member>
        <member name="P:Vishnu_UserModules.CheckerHistoryLogger_ReturnObject.SubResultListContainer.SubResults">
            <summary>
            0 bis n Datensätze bestehend aus einem Detail-Ergebnis (bool?) und Detail-Record (hier: string).
            </summary>
        </member>
        <member name="M:Vishnu_UserModules.CheckerHistoryLogger_ReturnObject.SubResultListContainer.#ctor">
            <summary>
            Standard Konstruktor.
            </summary>
        </member>
        <member name="M:Vishnu_UserModules.CheckerHistoryLogger_ReturnObject.SubResultListContainer.#ctor(System.Runtime.Serialization.SerializationInfo,System.Runtime.Serialization.StreamingContext)">
            <summary>
            Deserialisierungs-Konstruktor.
            </summary>
            <param name="info">Property-Container.</param>
            <param name="context">Übertragungs-Kontext.</param>
        </member>
        <member name="M:Vishnu_UserModules.CheckerHistoryLogger_ReturnObject.SubResultListContainer.GetObjectData(System.Runtime.Serialization.SerializationInfo,System.Runtime.Serialization.StreamingContext)">
            <summary>
            Serialisierungs-Hilfsroutine: holt die Objekt-Properties in den Property-Container.
            </summary>
            <param name="info">Property-Container.</param>
            <param name="context">Serialisierungs-Kontext.</param>
        </member>
        <member name="M:Vishnu_UserModules.CheckerHistoryLogger_ReturnObject.SubResultListContainer.ToString">
            <summary>
            Überschriebene ToString()-Methode.
            </summary>
            <returns>Dieser SubResultListContainer.ToString().</returns>
        </member>
        <member name="M:Vishnu_UserModules.CheckerHistoryLogger_ReturnObject.SubResultListContainer.Equals(System.Object)">
            <summary>
            Vergleicht dieses Objekt mit einem übergebenen Objekt nach Inhalt.
            </summary>
            <param name="obj">Der zu vergleichende SubResultListContainer.</param>
            <returns>True, wenn der übergebene SubResultListContainer inhaltlich gleich diesem SubResultListContainer ist.</returns>
        </member>
        <member name="M:Vishnu_UserModules.CheckerHistoryLogger_ReturnObject.SubResultListContainer.GetHashCode">
            <summary>
            Erzeugt einen eindeutigen Hashcode für diesen SubResultListContainer.
            </summary>
            <returns>Hashcode (int).</returns>
        </member>
        <member name="T:Vishnu_UserModules.CheckerHistoryLogger_ReturnObject.SubResultRecord">
            <summary>
            Klasse für einen Record eines Teilergebnisses.
            </summary>
        </member>
        <member name="P:Vishnu_UserModules.CheckerHistoryLogger_ReturnObject.SubResultRecord.LongResultString">
            <summary>
            Enthält einen Gesamtstring für das SubResult (ToString()).
            </summary>
        </member>
        <member name="M:Vishnu_UserModules.CheckerHistoryLogger_ReturnObject.SubResultRecord.#ctor">
            <summary>
            Standard Konstruktor.
            </summary>
        </member>
        <member name="M:Vishnu_UserModules.CheckerHistoryLogger_ReturnObject.SubResultRecord.#ctor(System.Runtime.Serialization.SerializationInfo,System.Runtime.Serialization.StreamingContext)">
            <summary>
            Deserialisierungs-Konstruktor.
            </summary>
            <param name="info">Property-Container.</param>
            <param name="context">Übertragungs-Kontext.</param>
        </member>
        <member name="M:Vishnu_UserModules.CheckerHistoryLogger_ReturnObject.SubResultRecord.GetObjectData(System.Runtime.Serialization.SerializationInfo,System.Runtime.Serialization.StreamingContext)">
            <summary>
            Serialisierungs-Hilfsroutine: holt die Objekt-Properties in den Property-Container.
            </summary>
            <param name="info">Property-Container.</param>
            <param name="context">Serialisierungs-Kontext.</param>
        </member>
        <member name="M:Vishnu_UserModules.CheckerHistoryLogger_ReturnObject.SubResultRecord.ToString">
            <summary>
            Überschriebene ToString()-Methode.
            </summary>
            <returns>Dieser SubResultRecord.ToString().</returns>
        </member>
        <member name="M:Vishnu_UserModules.CheckerHistoryLogger_ReturnObject.SubResultRecord.Equals(System.Object)">
            <summary>
            Vergleicht dieses Objekt mit einem übergebenen Objekt nach Inhalt.
            </summary>
            <param name="obj">Der zu vergleichende SubResultResultRecord.</param>
            <returns>True, wenn der übergebene SubResultRecord inhaltlich gleich diesem SubResultRecord ist.</returns>
        </member>
        <member name="M:Vishnu_UserModules.CheckerHistoryLogger_ReturnObject.SubResultRecord.GetHashCode">
            <summary>
            Erzeugt einen eindeutigen Hashcode für dieses Objekt.
            </summary>
            <returns>Hashcode (int).</returns>
        </member>
        <member name="T:Vishnu_UserModules.CheckerHistoryLogger_ReturnObject.SubResult">
            <summary>
            Klasse für ein Teilergebnis.
            </summary>
        </member>
        <member name="P:Vishnu_UserModules.CheckerHistoryLogger_ReturnObject.SubResult.ResultRecord">
            <summary>
            Der Wert einer Detail-Information der Prüfroutine
            (i.d.R int).
             </summary>
        </member>
        <member name="M:Vishnu_UserModules.CheckerHistoryLogger_ReturnObject.SubResult.#ctor">
            <summary>
            Standard Konstruktor.
            </summary>
        </member>
        <member name="M:Vishnu_UserModules.CheckerHistoryLogger_ReturnObject.SubResult.#ctor(System.Runtime.Serialization.SerializationInfo,System.Runtime.Serialization.StreamingContext)">
            <summary>
            Deserialisierungs-Konstruktor.
            </summary>
            <param name="info">Property-Container.</param>
            <param name="context">Übertragungs-Kontext.</param>
        </member>
        <member name="M:Vishnu_UserModules.CheckerHistoryLogger_ReturnObject.SubResult.GetObjectData(System.Runtime.Serialization.SerializationInfo,System.Runtime.Serialization.StreamingContext)">
            <summary>
            Serialisierungs-Hilfsroutine: holt die Objekt-Properties in den Property-Container.
            </summary>
            <param name="info">Property-Container.</param>
            <param name="context">Serialisierungs-Kontext.</param>
        </member>
        <member name="M:Vishnu_UserModules.CheckerHistoryLogger_ReturnObject.SubResult.ToString">
            <summary>
            Überschriebene ToString()-Methode.
            </summary>
            <returns>Dieses SubResult.ToString().</returns>
        </member>
        <member name="M:Vishnu_UserModules.CheckerHistoryLogger_ReturnObject.SubResult.Equals(System.Object)">
            <summary>
            Vergleicht dieses Objekt mit einem übergebenen Objekt nach Inhalt.
            </summary>
            <param name="obj">Das zu vergleichende SubResult.</param>
            <returns>True, wenn das übergebene SubResult inhaltlich gleich diesem SubResult ist.</returns>
        </member>
        <member name="M:Vishnu_UserModules.CheckerHistoryLogger_ReturnObject.SubResult.GetHashCode">
            <summary>
            Erzeugt einen eindeutigen Hashcode für dieses SubResult.
            </summary>
            <returns>Hashcode (int).</returns>
        </member>
        <member name="P:Vishnu_UserModules.CheckerHistoryLogger_ReturnObject.SubCheckerReturnObject">
            <summary>
            Return-Objekt des aufgerufenen SubCheckers.
            </summary>
        </member>
        <member name="P:Vishnu_UserModules.CheckerHistoryLogger_ReturnObject.SubResultContainer">
            <summary>
            Wrapper-Klasse um List&lt;SubResult&gt; SubResults.
            </summary>
        </member>
        <member name="P:Vishnu_UserModules.CheckerHistoryLogger_ReturnObject.LogicalResult">
            <summary>
            Das logische Gesamtergebnis eines Prüfprozesses:
            true, false oder null.
            </summary>
        </member>
        <member name="P:Vishnu_UserModules.CheckerHistoryLogger_ReturnObject.RecordCount">
            <summary>
            Die Anzahl der Treffer, die das Prüfkriterium erfüllen.
            </summary>
        </member>
        <member name="P:Vishnu_UserModules.CheckerHistoryLogger_ReturnObject.Timestamp">
            <summary>
            Aufbereiteter Zeitstempel der letzten Auswertung.
            </summary>
        </member>
        <member name="P:Vishnu_UserModules.CheckerHistoryLogger_ReturnObject.SubCheckerResultsInfoFile">
            <summary>
            Name der Datei mit den letzten SubChecker-Werten.
            </summary>
        </member>
        <member name="P:Vishnu_UserModules.CheckerHistoryLogger_ReturnObject.Comment">
            <summary>
            Klartext-Informationen zur Prüfroutine
            (was die Routine prüft).
             </summary>
        </member>
        <member name="M:Vishnu_UserModules.CheckerHistoryLogger_ReturnObject.#ctor">
            <summary>
            Standard Konstruktor.
            </summary>
        </member>
        <member name="M:Vishnu_UserModules.CheckerHistoryLogger_ReturnObject.#ctor(System.Runtime.Serialization.SerializationInfo,System.Runtime.Serialization.StreamingContext)">
            <summary>
            Deserialisierungs-Konstruktor.
            </summary>
            <param name="info">Property-Container.</param>
            <param name="context">Übertragungs-Kontext.</param>
        </member>
        <member name="M:Vishnu_UserModules.CheckerHistoryLogger_ReturnObject.GetObjectData(System.Runtime.Serialization.SerializationInfo,System.Runtime.Serialization.StreamingContext)">
            <summary>
            Serialisierungs-Hilfsroutine: holt die Objekt-Properties in den Property-Container.
            </summary>
            <param name="info">Property-Container.</param>
            <param name="context">Serialisierungs-Kontext.</param>
        </member>
        <member name="M:Vishnu_UserModules.CheckerHistoryLogger_ReturnObject.ToString">
            <summary>
            Überschriebene ToString()-Methode - stellt öffentliche Properties
            als einen (mehrzeiligen) aufbereiteten String zur Verfügung.
            </summary>
            <returns>Alle öffentlichen Properties als ein String aufbereitet.</returns>
        </member>
        <member name="M:Vishnu_UserModules.CheckerHistoryLogger_ReturnObject.ToStringWithoutTimestamp">
            <summary>
            Spezielle ToString()-Methode - stellt öffentliche Properties unter Ausklammerung des
            Timestamps als einen (mehrzeiligen) aufbereiteten String zur Verfügung.
            </summary>
            <returns>Alle öffentlichen Properties (ohne Timestamp) als ein String aufbereitet.</returns>
        </member>
        <member name="M:Vishnu_UserModules.CheckerHistoryLogger_ReturnObject.Equals(System.Object)">
            <summary>
            Vergleicht dieses Objekt mit einem übergebenen Objekt nach Inhalt.
            Der Timestamp wird bewusst nicht in den Vergleich einbezogen.
            </summary>
            <param name="obj">Das zu vergleichende CheckerHistoryLogger_ReturnObject.</param>
            <returns>True, wenn das übergebene Result inhaltlich (ohne Timestamp) gleich diesem Result ist.</returns>
        </member>
        <member name="M:Vishnu_UserModules.CheckerHistoryLogger_ReturnObject.GetHashCode">
            <summary>
            Erzeugt einen eindeutigen Hashcode für dieses CheckerHistoryLogger_ReturnObject.
            Der Timestamp wird bewusst nicht in den Vergleich einbezogen.
            </summary>
            <returns>Hashcode (int).</returns>
        </member>
    </members>
</doc>
