<?xml version="1.0"?>
<doc>
    <assembly>
        <name>DemoParameterProvider</name>
    </assembly>
    <members>
        <member name="T:NetEti.ApplicationEnvironment.DemoParameterProvider">
             <summary>
             Implementiert IParameterReader, kann Vishnu als
             UserParameterReader zur Verfügung gestellt werden.
             </summary>
             <remarks>
             File: DemoParameterProvider
             Autor: Erik Nagel
            
             07.06.2015 Erik Nagel: erstellt
             14.06.2019 Erik Nagel: überarbeitet.
             </remarks>
        </member>
        <member name="E:NetEti.ApplicationEnvironment.DemoParameterProvider.ParametersReloaded">
            <summary>
            Event, das ausgelöst wird, wenn die Parameter neu geladen wurden.
            </summary>
        </member>
        <member name="M:NetEti.ApplicationEnvironment.DemoParameterProvider.ReadParameter(System.String)">
            <summary>
            Liefert zu einem String-Parameter einen String-Wert.
            </summary>
            <param name="parameterName">Parameter-Name.</param>
            <returns>Parameter-Value.</returns>
        </member>
        <member name="M:NetEti.ApplicationEnvironment.DemoParameterProvider.Init(System.Object)">
            <summary>
            Einrichtungsroutine - übernimmt Parameter, holt alle Infos
            und stellt sie als Properties zur Verfügung.
            Startet ggf. einen Timer für den Parameter-Refresh.
            </summary>
            <param name="parameters">Ein Objekt zur Parameterübergabe; dieser ParameterProvider
            erwartet einen String mit einem übergebenem Testwert plus optional
            einen Timer-Parameter für regelmäßige Reloads durch Pipe-Symbol '|' abgetrennt.</param>
        </member>
        <member name="M:NetEti.ApplicationEnvironment.DemoParameterProvider.OnParametersReloaded">
            <summary>
            Löst das ParametersReloaded-Ereignis aus.
            </summary>
        </member>
    </members>
</doc>
