<?xml version="1.0"?>
<doc>
    <assembly>
        <name>TextFileLogger</name>
    </assembly>
    <members>
        <member name="T:TextFileLogger.TextFileLogger">
             <summary>
             Loggt Vishnu-Ereignisse in ein Logfile.
             </summary>
             <remarks>
             File: TextFileLogger.cs
             Autor: Erik Nagel
            
             27.07.2013 Erik Nagel: Erstellt.
             11.08.2018 Erik Nagel: Der Message-TimeStamp wird jetzt mit maximaler Präzision ausgegeben.
             03.07.2021 Erik Nagel: Überarbeitet.
             </remarks>
        </member>
        <member name="M:TextFileLogger.TextFileLogger.Log(System.Object,Vishnu.Interchange.TreeParameters,Vishnu.Interchange.TreeEvent,System.Object)">
            <summary>
            Übernahme von diversen Logging-Informationen und Ausgabe in eine Logdatei.
            </summary>
            <param name="loggerParameters">Spezifische Aufrufparameter oder null.</param>
            <param name="treeParameters">Für den gesamten Tree gültige Parameter oder null.</param>
            <param name="treeEvent">Objekt mit Informationen über das Ereignis.</param>
            <param name="additionalEventArgs">Enthält z.B. beim Event 'Exception' die zugehörige Exception.</param>
        </member>
        <member name="M:TextFileLogger.TextFileLogger.#ctor">
            <summary>
            Konstruktor - setzt den Namen des Logfiles auf den Default: "TextFileLogger.txt".
            </summary>
        </member>
    </members>
</doc>
