<?xml version="1.0"?>
<doc>
    <assembly>
        <name>TriggerEventMirrorChecker</name>
    </assembly>
    <members>
        <member name="T:TriggerEventMirrorChecker.TriggerEventMirrorChecker">
            <summary>
            Spiegelt die Ergebnisse eines anderen Vishnu-Knoten.
            </summary>
        </member>
        <member name="E:TriggerEventMirrorChecker.TriggerEventMirrorChecker.NodeProgressChanged">
            <summary>
            Kann aufgerufen werden, wenn sich der Verarbeitungsfortschritt
            des Checkers geändert hat, muss aber zumindest aber einmal zum
            Schluss der Verarbeitung aufgerufen werden.
            </summary>
        </member>
        <member name="P:TriggerEventMirrorChecker.TriggerEventMirrorChecker.ReturnObject">
            <summary>
            Rückgabe-Objekt des Checkers
            </summary>
        </member>
        <member name="M:TriggerEventMirrorChecker.TriggerEventMirrorChecker.Run(System.Object,Vishnu.Interchange.TreeParameters,Vishnu.Interchange.TreeEvent)">
            <summary>
            Hier wird der Arbeitsprozess ausgeführt (oder beobachtet).
            </summary>
            <param name="checkerParameters">Durch Pipe ("|") getrennte Parameterliste:
            State[:State(...)]     State kann die Werte 'Null', 'True', 'False' und/oder 'Exception' annehmen.
            [|Zustandswechselzeit]  Zeit in Sekunden bis der State wechselt (bei mehreren States), Default 10s.
            [|ReturnObject(String), Beispiele: "null:true:false:Exception|20|Resultat" oder "true"||0815".</param>
            <param name="treeParameters">Für den gesamten Tree gültige Parameter oder null.</param>
            <param name="source">Auslösendes TreeEvent oder null.</param>
            <returns>True, False oder null</returns>
        </member>
    </members>
</doc>
