<?xml version="1.0"?>
<doc>
    <assembly>
        <name>TrueChecker</name>
    </assembly>
    <members>
        <member name="T:Vishnu.Demos.TrueChecker">
             <summary>
             Demo-Checker, der immer true zurückgibt.
             </summary>
             <remarks>
             File: TrueChecker.cs
             Autor: Erik Nagel
            
             02.02.2014 Erik Nagel: erstellt
             </remarks>
        </member>
        <member name="E:Vishnu.Demos.TrueChecker.NodeProgressChanged">
            <summary>
            Kann aufgerufen werden, wenn sich der Verarbeitungs-Fortschritt
            des Checkers geändert hat, muss aber zumindest aber einmal zum
            Schluss der Verarbeitung aufgerufen werden.
            </summary>
        </member>
        <member name="P:Vishnu.Demos.TrueChecker.ReturnObject">
            <summary>
            Rückgabe-Objekt des Checkers
            </summary>
        </member>
        <member name="M:Vishnu.Demos.TrueChecker.Run(System.Object,Vishnu.Interchange.TreeParameters,Vishnu.Interchange.TreeEvent)">
            <summary>
            Hier wird der (normalerweise externe) Arbeitsprozess ausgeführt (oder beobachtet).
            </summary>
            <param name="checkerParameters">Spezifische Aufrufparameter oder null.</param>
            <param name="treeParameters">Für den gesamten Tree gültige Parameter oder null.</param>
            <param name="source">Auslösendes TreeEvent oder null.</param>
            <returns>True, False oder null</returns>
        </member>
    </members>
</doc>
