<?xml version="1.0"?>
<doc>
    <assembly>
        <name>TrueFalseExceptionChecker</name>
    </assembly>
    <members>
        <member name="T:Vishnu.Demos.TrueFalseExceptionChecker">
            <summary>
            Liefert konfigurierbar wechselnde Ergebnisse: null, true, false, Exception.
            </summary>
        </member>
        <member name="E:Vishnu.Demos.TrueFalseExceptionChecker.NodeProgressChanged">
            <summary>
            Kann aufgerufen werden, wenn sich der Verarbeitungsfortschritt
            des Checkers geändert hat, muss aber zumindest aber einmal zum
            Schluss der Verarbeitung aufgerufen werden.
            </summary>
        </member>
        <member name="P:Vishnu.Demos.TrueFalseExceptionChecker.ReturnObject">
            <summary>
            Rückgabe-Objekt des Checkers
            </summary>
        </member>
        <member name="M:Vishnu.Demos.TrueFalseExceptionChecker.Run(System.Object,Vishnu.Interchange.TreeParameters,Vishnu.Interchange.TreeEvent)">
            <summary>
            Hier wird der Arbeitsprozess ausgeführt (oder beobachtet).
            </summary>
            <param name="checkerParameters">Durch Pipe ("|") getrennte Parameterliste:
            State[:State(...)]     State kann die Werte 'Null', 'True', 'False' und/oder 'Exception' annehmen.
            [|Zustandswechselzeit]  Zeit in Sekunden bis der State wechselt (bei mehreren States), Default 10s.
            [|ReturnObject(String), Beispiele: "null:true:false:Exception|20|Resultat" oder "true"||0815".</param>
            <param name="treeParameters">Für den gesamten Tree gültige Parameter oder null.</param>
            <param name="source">Auslösendes TreeEvent oder null.</param>
            <returns>True, False oder null</returns>
        </member>
        <member name="M:Vishnu.Demos.TrueFalseExceptionChecker.getNextDummyReturn(System.Int32@,Vishnu.Demos.State[])">
            <summary>
            Schaltet ringförmig durch die verschiedenen Zustände von legalStateSequence.
            </summary>
            <param name="lastIndex">Der letzte Index in legalStateSequence.</param>
            <param name="legalStateSequence">Array von zugelassenen States in Verarbeitungsreihenfolge.</param>
        </member>
        <member name="M:Vishnu.Demos.TrueFalseExceptionChecker.#ctor">
            <summary>
            Standard Konstruktor.
            </summary>
        </member>
        <member name="T:Vishnu.Demos.State">
            <summary>
            Checker-Zustand.
            </summary>
        </member>
        <member name="F:Vishnu.Demos.State.INVALID">
            <summary>Ungültig (intern).</summary>
        </member>
        <member name="F:Vishnu.Demos.State.NULL">
            <summary>Checker liefert null als Ergebnis.</summary>
        </member>
        <member name="F:Vishnu.Demos.State.TRUE">
            <summary>Checker liefert true als Ergebnis.</summary>
        </member>
        <member name="F:Vishnu.Demos.State.FALSE">
            <summary>Checker liefert false als Ergebnis.</summary>
        </member>
        <member name="F:Vishnu.Demos.State.EXCEPTION">
            <summary>Checker wirft eine Exception.</summary>
        </member>
    </members>
</doc>
