<?xml version="1.0"?>
<doc>
    <assembly>
        <name>WebScraper</name>
    </assembly>
    <members>
        <member name="T:NetEti.WebTools.ChromeDriverInstaller">
            <summary>
            Loads an actual test-browser and it's corresponding driver
            from https://github.com/GoogleChromeLabs/chrome-for-testing.
            
            21.08.2023 Erik Nagel: created.
            21.08.2023 Erik Nagel: revised for "Chrome for Testing".
            </summary>
        </member>
        <member name="M:NetEti.WebTools.ChromeDriverInstaller.Install(System.Boolean)">
            <summary>
            Prüft die aktuell installierte chrome-Browser-Version und holt den dazu passenden
            Treiber "chromedriver.exe", wenn dieser noch nicht vorhanden ist.
            </summary>
            <param name="forceDownload">Bei True wird der Treiber auch dann heruntergeladen, wenn
            dieser lokal schon vorhanden ist; Default: false.</param>
            <returns>Version der aktuell lokal installierten Treibers "chromedriver.exe".</returns>
        </member>
        <member name="M:NetEti.WebTools.ChromeDriverInstaller.GetChromeVersion(System.String)">
            <summary>
            Holt die Version des aktuell installierten chrome-Browsers aus dem BrowserPath.
            </summary>
            <param name="realBrowserPath">Path to the subdirectory with the standalone test-browser.</param>
            <returns>Version des aktuell installierten chrome-Browsers aus dem BrowserPath.</returns>
        </member>
        <member name="T:NetEti.WebTools.ChromeForTestingJsonApiDataContainer">
            <summary>
            Data-class to be filled(json) by an api-call to
            https://github.com/GoogleChromeLabs/chrome-for-testing#json-api-endpoints
            </summary>
        </member>
        <member name="P:NetEti.WebTools.ChromeForTestingJsonApiDataContainer.timestamp">
            <summary>
            Last actualization.
            </summary>
        </member>
        <member name="P:NetEti.WebTools.ChromeForTestingJsonApiDataContainer.channels">
            <summary>
            Four channels with different browsers and drivers (chrome).
            </summary>
        </member>
        <member name="T:NetEti.WebTools.ChromeForTestingJsonApiDataContainer.Channels">
            <summary>
            Channel-class for channels with different browsers and drivers (chrome).
            </summary>
        </member>
        <member name="P:NetEti.WebTools.ChromeForTestingJsonApiDataContainer.Channels.Stable">
            <summary>
            The last stable build (recommended).
            </summary>
        </member>
        <member name="P:NetEti.WebTools.ChromeForTestingJsonApiDataContainer.Channels.Beta">
            <summary>
            The Beta-build.
            </summary>
        </member>
        <member name="P:NetEti.WebTools.ChromeForTestingJsonApiDataContainer.Channels.Dev">
            <summary>
            The Dev-build.
            </summary>
        </member>
        <member name="P:NetEti.WebTools.ChromeForTestingJsonApiDataContainer.Channels.Canary">
            <summary>
            For future releases.
            </summary>
        </member>
        <member name="T:NetEti.WebTools.ChromeForTestingJsonApiDataContainer.Stable">
            <summary>
            The Stable-channel.
            </summary>
        </member>
        <member name="P:NetEti.WebTools.ChromeForTestingJsonApiDataContainer.Stable.channel">
            <summary>
            The name "Stable".
            </summary>
        </member>
        <member name="P:NetEti.WebTools.ChromeForTestingJsonApiDataContainer.Stable.version">
            <summary>
            The version-number.
            </summary>
        </member>
        <member name="P:NetEti.WebTools.ChromeForTestingJsonApiDataContainer.Stable.revision">
            <summary>
            The last revision-number.
            </summary>
        </member>
        <member name="P:NetEti.WebTools.ChromeForTestingJsonApiDataContainer.Stable.downloads">
            <summary>
            List of urls to downloadable zip-archives of chrome-browsers and
            their corresponding chrome-drivers for different system-platforms.
            </summary>
        </member>
        <member name="T:NetEti.WebTools.ChromeForTestingJsonApiDataContainer.Beta">
            <summary>
            The Beta-channel.
            </summary>
        </member>
        <member name="P:NetEti.WebTools.ChromeForTestingJsonApiDataContainer.Beta.channel">
            <summary>
            The name "Beta".
            </summary>
        </member>
        <member name="P:NetEti.WebTools.ChromeForTestingJsonApiDataContainer.Beta.version">
            <summary>
            The version-number.
            </summary>
        </member>
        <member name="P:NetEti.WebTools.ChromeForTestingJsonApiDataContainer.Beta.revision">
            <summary>
            The last revision-number.
            </summary>
        </member>
        <member name="P:NetEti.WebTools.ChromeForTestingJsonApiDataContainer.Beta.downloads">
            <summary>
            List of urls to downloadable zip-archives of chrome-browsers and
            their corresponding chrome-drivers for different system-platforms.
            </summary>
        </member>
        <member name="T:NetEti.WebTools.ChromeForTestingJsonApiDataContainer.Dev">
            <summary>
            The Dev-channel.
            </summary>
        </member>
        <member name="P:NetEti.WebTools.ChromeForTestingJsonApiDataContainer.Dev.channel">
            <summary>
            The name "Dev".
            </summary>
        </member>
        <member name="P:NetEti.WebTools.ChromeForTestingJsonApiDataContainer.Dev.version">
            <summary>
            The version-number.
            </summary>
        </member>
        <member name="P:NetEti.WebTools.ChromeForTestingJsonApiDataContainer.Dev.revision">
            <summary>
            The last revision-number.
            </summary>
        </member>
        <member name="P:NetEti.WebTools.ChromeForTestingJsonApiDataContainer.Dev.downloads">
            <summary>
            List of urls to downloadable zip-archives of chrome-browsers and
            their corresponding chrome-drivers for different system-platforms.
            </summary>
        </member>
        <member name="T:NetEti.WebTools.ChromeForTestingJsonApiDataContainer.Canary">
            <summary>
            The Canary-channel.
            </summary>
        </member>
        <member name="P:NetEti.WebTools.ChromeForTestingJsonApiDataContainer.Canary.channel">
            <summary>
            The name "Canary".
            </summary>
        </member>
        <member name="P:NetEti.WebTools.ChromeForTestingJsonApiDataContainer.Canary.version">
            <summary>
            The version-number.
            </summary>
        </member>
        <member name="P:NetEti.WebTools.ChromeForTestingJsonApiDataContainer.Canary.revision">
            <summary>
            The last revision-number.
            </summary>
        </member>
        <member name="P:NetEti.WebTools.ChromeForTestingJsonApiDataContainer.Canary.downloads">
            <summary>
            List of urls to downloadable zip-archives of chrome-browsers and
            their corresponding chrome-drivers for different system-platforms.
            </summary>
        </member>
        <member name="T:NetEti.WebTools.ChromeForTestingJsonApiDataContainer.Downloads">
            <summary>
            Contains list of urls to downloadable zip-archives of chrome-browsers and
            their corresponding chrome-drivers for different system-platforms.
            </summary>
        </member>
        <member name="P:NetEti.WebTools.ChromeForTestingJsonApiDataContainer.Downloads.chrome">
            <summary>
            List of urls to downloadable zip-archives of chrome-browsers
            for different system-platforms.
            </summary>
        </member>
        <member name="P:NetEti.WebTools.ChromeForTestingJsonApiDataContainer.Downloads.chromedriver">
            <summary>
            List of urls to downloadable zip-archives of chrome-drivers
            for different system-platforms.
            </summary>
        </member>
        <member name="P:NetEti.WebTools.ChromeForTestingJsonApiDataContainer.Downloads.chromeheadlessshell">
            <summary>
            List of urls to downloadable zip-archives of headless-shells 
            for chrome-browsers on different system-platforms.
            </summary>
        </member>
        <member name="T:NetEti.WebTools.ChromeForTestingJsonApiDataContainer.Chrome">
            <summary>
            Represents one url to a downloadable zip-archive containing an installation-directory
            with a standalone chrome-testbrowser for a specific system-platform.
            </summary>
        </member>
        <member name="P:NetEti.WebTools.ChromeForTestingJsonApiDataContainer.Chrome.platform">
            <summary>
            The specific system-platform (linux64, mac-arm64, mac-x64, win32, win64).
            </summary>
        </member>
        <member name="P:NetEti.WebTools.ChromeForTestingJsonApiDataContainer.Chrome.url">
            <summary>
            Url to a downloadable zip-archive containing an installation-directory
            with a standalone chrome-testbrowser.
            </summary>
        </member>
        <member name="T:NetEti.WebTools.ChromeForTestingJsonApiDataContainer.Chromedriver">
            <summary>
            Represents one url to a downloadable zip-archive containing a chrome-driver
            corresponding to a standalone chrome-testbrowser for a specific system-platform.
            </summary>
        </member>
        <member name="P:NetEti.WebTools.ChromeForTestingJsonApiDataContainer.Chromedriver.platform">
            <summary>
            The specific system-platform (linux64, mac-arm64, mac-x64, win32, win64).
            </summary>
        </member>
        <member name="P:NetEti.WebTools.ChromeForTestingJsonApiDataContainer.Chromedriver.url">
            <summary>
            Url to a downloadable zip-archive containing containing a chrome-driver
            corresponding to a standalone chrome-testbrowser.
            </summary>
        </member>
        <member name="T:NetEti.WebTools.ChromeForTestingJsonApiDataContainer.ChromeHeadlessShell">
            <summary>
            Represents one url to a downloadable zip-archive containing a headless-shell
            corresponding to a standalone chrome-testbrowser for a specific system-platform.
            </summary>
        </member>
        <member name="P:NetEti.WebTools.ChromeForTestingJsonApiDataContainer.ChromeHeadlessShell.platform">
            <summary>
            The specific system-platform (linux64, mac-arm64, mac-x64, win32, win64).
            </summary>
        </member>
        <member name="P:NetEti.WebTools.ChromeForTestingJsonApiDataContainer.ChromeHeadlessShell.url">
            <summary>
            Url to a downloadable zip-archive containing a headless-shell
            corresponding to a standalone chrome-testbrowser.
            </summary>
        </member>
        <member name="T:NetEti.WebTools.ChromeScraper">
             <summary>
             Starts a webbrowser and fetches values from the completed website.
             Waits for the DOM to be fully loaded if necessary.
             This is the implementation for Chrome-browsers.
             Uses Selenium 4.
             Hint: despite some warnings on the internet, usage of SeleniumExtras.WaitHelpers 3.11.0 is safe.
             The Implementation is static clean code, open source and doesn't seem to need any further support.
             </summary>
             <remarks>
             Author: Erik Nagel
            
             28.11.2020 Erik Nagel: created.
             28.08.2022 Erik Nagel: revised for selenium 4.
             21.08.2023 Erik Nagel: revised for "Chrome for Testing".
             
             </remarks>
        </member>
        <member name="M:NetEti.WebTools.ChromeScraper.#ctor(System.String,System.Int32,OpenQA.Selenium.Chrome.ChromeOptions,System.Boolean)">
            <summary>
            Constructor - takes a website url and starts the WebDriver at the given driverPath.
            </summary>
            <param name="url">The complete website url including https, etc.</param>
            <param name="pageLoadTimeoutSeconds">Webdriver page-load-timeout, default = 10 (seconds).</param>
            <param name="chromeOptions">Specific ChromeOptions or null (default: null).</param>
            <param name="quiet">True (default): no browser-window will be opened and no messages issued.</param>
        </member>
        <member name="M:NetEti.WebTools.ChromeScraper.SetupDriverInstance(OpenQA.Selenium.DriverOptions)">
            <summary>
            Instantiates the concrete Driver (chromedriver.exe here).
            </summary>
            <param name="options">Specific DriverOptions or null (default: null).</param>
        </member>
        <member name="M:NetEti.WebTools.ChromeScraper.Load(System.String)">
            <summary>
            Loads a web-page from a locally saved html-file.
            </summary>
            <param name="htmlFileName">Path to a local html file.</param>
        </member>
        <member name="M:NetEti.WebTools.ChromeScraper.Load(System.Collections.Generic.List{System.String})">
            <summary>
            Loads a web-page from a string-list.
            </summary>
            <param name="htmlFileLines">A string list with valid html.</param>
        </member>
        <member name="T:NetEti.WebTools.InstallationInfo">
            <summary>
            Contains the pathes to browser and driver.
            </summary>
        </member>
        <member name="P:NetEti.WebTools.InstallationInfo.RealBrowserPath">
            <summary>
            Contains the path to the subdirectory, where chrome was unzipped into.
            </summary>
        </member>
        <member name="P:NetEti.WebTools.InstallationInfo.RealDriverPath">
            <summary>
            Contains the path to the subdirectory, where chromedriver was unzipped into.
            </summary>
        </member>
        <member name="T:NetEti.WebTools.LocatorType">
            <summary>Provides the various selenium-locator types.</summary>
        </member>
        <member name="F:NetEti.WebTools.LocatorType.None">
            <summary>default</summary>
        </member>
        <member name="F:NetEti.WebTools.LocatorType.ClassName">
            <summary>Locates elements whose class name contains the search value(compound class names are not permitted)</summary>
        </member>
        <member name="F:NetEti.WebTools.LocatorType.CssSelector">
            <summary>Locates elements matching a CSS selector</summary>
        </member>
        <member name="F:NetEti.WebTools.LocatorType.Id">
            <summary>Locates elements whose ID attribute matches the search value</summary>
        </member>
        <member name="F:NetEti.WebTools.LocatorType.Name">
            <summary>Locates elements whose NAME attribute matches the search value</summary>
        </member>
        <member name="F:NetEti.WebTools.LocatorType.LinkText">
            <summary>Locates anchor elements whose visible text matches the search value</summary>
        </member>
        <member name="F:NetEti.WebTools.LocatorType.PartialLinkText">
            <summary>Locates anchor elements whose visible text contains the search value.If multiple elements are matching, only the first one will be selected.</summary>
        </member>
        <member name="F:NetEti.WebTools.LocatorType.TagName">
            <summary>Locates elements whose tag name matches the search value</summary>
        </member>
        <member name="F:NetEti.WebTools.LocatorType.Xpath">
            <summary>Locates elements matching an XPath expression</summary>
        </member>
        <member name="T:NetEti.WebTools.LocatorCondition">
            <summary>
            Determines whether the existence or the visibility of an element is to be checked.
            </summary>
        </member>
        <member name="F:NetEti.WebTools.LocatorCondition.Exists">
            <summary>Checks whether the element exists.</summary>
        </member>
        <member name="F:NetEti.WebTools.LocatorCondition.IsVisible">
            <summary>Checks whether the element is visible.</summary>
        </member>
        <member name="F:NetEti.WebTools.LocatorCondition.IsClickable">
            <summary>Checks whether the element is clickable.</summary>
        </member>
        <member name="T:NetEti.WebTools.WebScraperBase">
             <summary>
             Base Class for WebScrapers like ChromeScraper or others.
             </summary>
             <remarks>
             Author: Erik Nagel
            
             28.11.2020 Erik Nagel: created.
             28.08.2022 Erik Nagel: Revised for selenium 4.
             </remarks>
        </member>
        <member name="F:NetEti.WebTools.WebScraperBase.DEFAULT_PAGE_LOAD_TIMEOUT_SECONDS">
            <summary>
            Default maximum seconds for selenium waits.
            </summary>
        </member>
        <member name="P:NetEti.WebTools.WebScraperBase.Quiet">
            <summary>
            True (default): no browser-window will be opened and no messages issued.
            </summary>
        </member>
        <member name="M:NetEti.WebTools.WebScraperBase.#ctor(OpenQA.Selenium.DriverOptions,System.Boolean)">
            <summary>
            Constructor - initializes the WebDriver.
            </summary>
            <param name="options">Specific DriverOptions or null (default: null).</param>
            <param name="quiet">True (default): no browser-window will be opened and no messages issued.</param>
        </member>
        <member name="M:NetEti.WebTools.WebScraperBase.#ctor(System.String,System.Int32,OpenQA.Selenium.DriverOptions,System.Boolean)">
            <summary>
            Constructor - initializes the WebDriver, sets the timeout for page-loading and navigates to the given url.
            </summary>
            <param name="url">The complete website url including https, etc.</param>
            <param name="pageLoadTimeoutSeconds">Webdriver page-load-timeout, default = 10 (seconds).</param>
            <param name="options">Specific DriverOptions or null (default: null).</param>
            <param name="quiet">True (default): no browser-window will be opened and no messages issued.</param>
        </member>
        <member name="P:NetEti.WebTools.WebScraperBase.WebDriver">
            <summary>
            Browser controlling instance of IWebDriver.
            </summary>
        </member>
        <member name="M:NetEti.WebTools.WebScraperBase.SetupDriverInstance(OpenQA.Selenium.DriverOptions)">
            <summary>
            Instantiates the concrete Driver (e.g. ChromeDriver), DefaultWait and FluentWait.
            Must be overwritten.
            </summary>
            <param name="options">Specific DriverOptions or null (default: null).</param>
        </member>
        <member name="M:NetEti.WebTools.WebScraperBase.SetupDriver(OpenQA.Selenium.DriverOptions)">
            <summary>
            Disposes an eventually previously instantiated driver and calls SetupDriverInstance(url)
            Sets up ImplicitWait and FluentWait. Navigates to the given url.
            </summary>
            <param name="options">Specific DriverOptions or null (default: null).</param>
        </member>
        <member name="M:NetEti.WebTools.WebScraperBase.Load(System.Uri)">
            <summary>
            Loads a web-page from an uri.
            </summary>
            <param name="uri">The website address (uri/url).</param>
        </member>
        <member name="M:NetEti.WebTools.WebScraperBase.TrySetupDriver(OpenQA.Selenium.DriverOptions)">
            <summary>
            Tries to instantiate the concrete Driver (e.g. ChromeDriver).
            </summary>
            <param name="options">Specific DriverOptions or null (default: null).</param>
            <returns>True, if succeeded.</returns>
        </member>
        <member name="M:NetEti.WebTools.WebScraperBase.GetElement(System.Func{OpenQA.Selenium.IWebDriver,OpenQA.Selenium.IWebElement},System.TimeSpan)">
            <summary>
            Waits under a given condition for a web-page-element  for a given time and returns it, if successful.
            </summary>
            <param name="waitCondition">A function, that describes, under which circumstances a result is accepted.</param>
            <param name="maxWaitTime">Maximum time to wait, otherwise an exception is thrown.</param>
            <returns>IWebElement if successful.</returns>
        </member>
        <member name="M:NetEti.WebTools.WebScraperBase.Dispose">
            <summary>
            Pubic clean up method.
            </summary>
        </member>
        <member name="M:NetEti.WebTools.WebScraperBase.Cleanup">
            <summary>
            This is for calls to Dispose() for all user elements that are disposable.
            Should be overwritten in descendant classes, if necessary.
            </summary>
        </member>
        <member name="M:NetEti.WebTools.WebScraperBase.DisposeIfNecessary(System.Boolean)">
            <summary>
            This is for calls to Dispose() for all user elements that are disposable.
            Should be overwritten in descendant classes, if necessary.
            </summary>
            <param name="disposing">If true, this method was called by the public Dispose method;
            if false, this method was called by internal destructor.</param>
        </member>
        <member name="M:NetEti.WebTools.WebScraperBase.Finalize">
            <summary>
            Destructor
            </summary>
        </member>
    </members>
</doc>
