<?xml version="1.0"?>
<doc>
    <assembly>
        <name>WPFDateDialog.ViewModel</name>
    </assembly>
    <members>
        <member name="T:WPFDateDialog.ViewModel.MainBusinessLogicViewModel">
             <summary>
             ViewModel für die TreeView in LogicalTaskTreeControl im ersten Tab des MainWindow.
             </summary>
             <remarks>
             File: LogicalTaskTreeViewModel
             Autor: Erik Nagel
            
             05.01.2013 Erik Nagel: erstellt
             </remarks>
        </member>
        <member name="M:WPFDateDialog.ViewModel.MainBusinessLogicViewModel.WaitAndClose(System.Int32,System.Boolean)">
            <summary>
            Schließt die Ui mit einer Verzögerung von millisecondsDelay.
            </summary>
            <param name="millisecondsDelay">Verzögerung in Millisekunden vor Schließen der Ui.</param>
            <param name="dialogResult">DialogResult (True oder False).</param>
        </member>
        <member name="P:WPFDateDialog.ViewModel.MainBusinessLogicViewModel.WindowTitle">
            <summary>
            Id des Aufrufenden Knotens im LogicalTaskTree plus Start-Frage.
            </summary>
        </member>
        <member name="P:WPFDateDialog.ViewModel.MainBusinessLogicViewModel.CallingNodeId">
            <summary>
            Id des Aufrufenden Knotens im LogicalTaskTree.
            </summary>
        </member>
        <member name="P:WPFDateDialog.ViewModel.MainBusinessLogicViewModel.DateAndTime">
            <summary>
            True, false oder null..
            </summary>
        </member>
        <member name="P:WPFDateDialog.ViewModel.MainBusinessLogicViewModel.CmdOk">
            <summary>
            Command für den CmdTrue-Button in der MainBusinessLogic.
            </summary>
        </member>
        <member name="P:WPFDateDialog.ViewModel.MainBusinessLogicViewModel.CmdNull">
            <summary>
            Command für den CmdTrue-Button in der MainBusinessLogic.
            </summary>
        </member>
        <member name="P:WPFDateDialog.ViewModel.MainBusinessLogicViewModel.CmdBreak">
            <summary>
            Command für den Break-Button im der MainBusinessLogic.
            </summary>
        </member>
        <member name="M:WPFDateDialog.ViewModel.MainBusinessLogicViewModel.#ctor(WPFDateDialog.Model.MainBusinessLogic,System.Windows.FrameworkElement)">
            <summary>
            Konstruktor
            </summary>
        </member>
        <member name="T:WPFDateDialog.ViewModel.MainWindowViewModel">
             <summary>
             ViewModel für das MainWindow.
             </summary>
             <remarks>
             File: MainWindowViewModel
             Autor: Erik Nagel
            
             09.01.2014 Erik Nagel: erstellt
             </remarks>
        </member>
        <member name="P:WPFDateDialog.ViewModel.MainWindowViewModel.MainBusinessLogicViewModel_">
            <summary>
            ViewModel für den LogicalTaskTree.
            </summary>
        </member>
        <member name="M:WPFDateDialog.ViewModel.MainWindowViewModel.#ctor(WPFDateDialog.ViewModel.MainBusinessLogicViewModel)">
            <summary>
            Konstruktor - übernimmt das ViewModel für den LogicalTaskTree und eine Methode des
            MainWindows zum Restaurieren der Fenstergröße abhängig vom Fensterinhalt.
            </summary>
            <param name="mainBusinessLogicViewModel">ViewModel für den LogicalTaskTree.</param>
        </member>
    </members>
</doc>
