<?xml version="1.0"?>
<doc>
    <assembly>
        <name>WPFDialogChecker.Model</name>
    </assembly>
    <members>
        <member name="T:WPFDialogChecker.Model.State">
            <summary>
            Verarbeitungszustände einer Applikation.
            </summary>
        </member>
        <member name="F:WPFDialogChecker.Model.State.None">
            <summary>Startbereit, Zustand nach Initialisierung.</summary>
        </member>
        <member name="F:WPFDialogChecker.Model.State.Waiting">
            <summary>Beschäftigt, wartet auf Starterlaubnis.</summary>
        </member>
        <member name="F:WPFDialogChecker.Model.State.Working">
            <summary>Beschäftigt, arbeitet.</summary>
        </member>
        <member name="F:WPFDialogChecker.Model.State.Done">
            <summary>Startbereit, ist beendet.</summary>
        </member>
        <member name="F:WPFDialogChecker.Model.State.Breaked">
            <summary>Startbereit, ist abgebrochen.</summary>
        </member>
        <member name="F:WPFDialogChecker.Model.State.CanStart">
            <summary>Kann gestartet werden (None, Done oder Breaked).</summary>
        </member>
        <member name="F:WPFDialogChecker.Model.State.Busy">
            <summary>Nicht startbereit, wartet oder arbeitet gerade (Waiting oder Working).</summary>
        </member>
        <member name="T:WPFDialogChecker.Model.StateChangedEventHandler">
            <summary>
            Wird aufgerufen, wenn sich der Verarbeitungszustand eines Knotens geändert hat.
            </summary>
            <param name="sender">Die Ereignis-Quelle.</param>
            <param name="state">None, Waiting, Working, Finished, Busy (= Waiting | Working) oder CanStart (= None|Finished).</param>
        </member>
        <member name="T:WPFDialogChecker.Model.MainBusinessLogic">
            <summary>
            Der Haupt-Einstiegspunkt für die Geschäftslogik.
            </summary>
        </member>
        <member name="E:WPFDialogChecker.Model.MainBusinessLogic.StateChanged">
            <summary>
            Wird aufgerufen, wenn sich der Verarbeitungszustand eines Knotens geändert hat.
            </summary>
        </member>
        <member name="P:WPFDialogChecker.Model.MainBusinessLogic.LogicalState">
            <summary>
            True, false oder null.
            </summary>
        </member>
        <member name="P:WPFDialogChecker.Model.MainBusinessLogic.ModelState">
            <summary>
            Der aktuelle Verarbeitungszustand der MainBusinessLogic. 
            </summary>
        </member>
        <member name="P:WPFDialogChecker.Model.MainBusinessLogic.CallingNodeId">
            <summary>
            Id des aufrufenden Knoten aus Vishnu.
            Wird vom Checker gesetzt und vom ViewModel übernommen.
            </summary>
        </member>
        <member name="M:WPFDialogChecker.Model.MainBusinessLogic.#ctor(System.String)">
            <summary>
            Standard Konstruktor.
            </summary>
        </member>
        <member name="M:WPFDialogChecker.Model.MainBusinessLogic.Break">
            <summary>
            Abbrechen der Task.
            Wenn der Knoten selber beschäftigt ist, dann diesen zum Abbruch veranlassen,
            ansonsten die Abbruch-Anforderung an alle Kinder weitergeben.
            </summary>
        </member>
        <member name="M:WPFDialogChecker.Model.MainBusinessLogic.SetLogicalStateToTrue">
            <summary>
            Setzt den logischen Zustand der MainBusinessLogic auf true.
            </summary>
        </member>
        <member name="M:WPFDialogChecker.Model.MainBusinessLogic.SetLogicalStateToFalse">
            <summary>
            Setzt den logischen Zustand der MainBusinessLogic auf false.
            </summary>
        </member>
        <member name="M:WPFDialogChecker.Model.MainBusinessLogic.SetLogicalStateToNull">
            <summary>
            Setzt den logischen Zustand der MainBusinessLogic auf null.
            </summary>
        </member>
        <member name="M:WPFDialogChecker.Model.MainBusinessLogic.OnStateChanged">
            <summary>
            Löst das NodeStateChanged-Ereignis aus.
            </summary>
        </member>
    </members>
</doc>
