<?xml version="1.0"?>
<doc>
    <assembly>
        <name>WPFDateDialog</name>
    </assembly>
    <members>
        <member name="T:WPFDateDialog.WPFDateDialog">
            <summary>
            Vishnu-Checker (WPF-Dialog) für eine Datumseingabe.
            </summary>
        </member>
        <member name="E:WPFDateDialog.WPFDateDialog.NodeProgressChanged">
            <summary>
            Wird ausgelöst, wenn sich der Verarbeitungsfortschritt geändert hat.
            </summary>
        </member>
        <member name="P:WPFDateDialog.WPFDateDialog.ReturnObject">
            <summary>
            Rückgabe-Objekt des Checkers (zusätzlich zum Check-Result (bool?)).
            </summary>
        </member>
        <member name="M:WPFDateDialog.WPFDateDialog.Run(System.Object,Vishnu.Interchange.TreeParameters,Vishnu.Interchange.TreeEvent)">
            <summary>
            Startet den Checker - wird von einem Knoten im LogicalTaskTree aufgerufen.
            Checker liefern grundsätzlich true oder false zurück. Darüber hinaus können
            weiter gehende Informationen über das ReturnObject transportiert werden;
            Hier wird DateTime.Now über das ReturnObject zurückgegeben.
            </summary>
            <param name="checkerParameters">Spezifische Aufrufparameter oder null.</param>
            <param name="treeParameters">Für den gesamten Tree gültige Parameter oder null.</param>
            <param name="source">Auslösendes TreeEvent oder null.</param>
            <returns>True, False oder null</returns>
        </member>
        <member name="T:WPFDateDialog.AppSettings">
             <summary>
             Holt Applikationseinstellungen aus verschiedenen Quellen:
             Kommandozeile, app.config, Environment, Registry und (zur Demo) aus einer test.ini.
             - anwendungsspezifisch -
             Erbt allgemeingültige Einstellungen von BasicAppSettings oder davon abgeleiteten
             Klassen und fügt Anwendungsspezifische Properties hinzu.<br></br>
             <seealso cref="T:NetEti.ApplicationEnvironment.BasicAppSettings"/>
             </summary>
             <remarks>
             File: AppSettings.cs<br></br>
             Autor: Erik Nagel, NetEti<br></br>
            <br></br>
             11.10.2013 Erik Nagel: erstellt<br></br>
             </remarks>
        </member>
        <member name="M:WPFDateDialog.AppSettings.#ctor">
            <summary>
            Private Konstruktor, wird ggf. über Reflection vom externen statischen
            GenericSingletonProvider über GetInstance() aufgerufen.
            Holt alle Infos und stellt sie als Properties zur Verfügung.
            </summary>
        </member>
        <member name="T:WPFDateDialog.Properties.Resources">
            <summary>
              Eine stark typisierte Ressourcenklasse zum Suchen von lokalisierten Zeichenfolgen usw.
            </summary>
        </member>
        <member name="P:WPFDateDialog.Properties.Resources.ResourceManager">
            <summary>
              Gibt die zwischengespeicherte ResourceManager-Instanz zurück, die von dieser Klasse verwendet wird.
            </summary>
        </member>
        <member name="P:WPFDateDialog.Properties.Resources.Culture">
            <summary>
              Überschreibt die CurrentUICulture-Eigenschaft des aktuellen Threads für alle
              Ressourcenzuordnungen, die diese stark typisierte Ressourcenklasse verwenden.
            </summary>
        </member>
    </members>
</doc>
