<?xml version="1.0"?>
<doc>
    <assembly>
        <name>WPFDialogChecker.ViewModel</name>
    </assembly>
    <members>
        <member name="T:WPFDialogChecker.ViewModel.MainBusinessLogicViewModel">
             <summary>
             ViewModel für die TreeView in LogicalTaskTreeControl im ersten Tab des MainWindow.
             </summary>
             <remarks>
             File: LogicalTaskTreeViewModel
             Autor: Erik Nagel
            
             05.01.2013 Erik Nagel: erstellt
             </remarks>
        </member>
        <member name="P:WPFDialogChecker.ViewModel.MainBusinessLogicViewModel.WindowTitle">
            <summary>
            Id des Aufrufenden Knotens im LogicalTaskTree plus Start-Frage.
            </summary>
        </member>
        <member name="P:WPFDialogChecker.ViewModel.MainBusinessLogicViewModel.CallingNodeId">
            <summary>
            Id des Aufrufenden Knotens im LogicalTaskTree.
            </summary>
        </member>
        <member name="P:WPFDialogChecker.ViewModel.MainBusinessLogicViewModel.LogicalState">
            <summary>
            True, false oder null..
            </summary>
        </member>
        <member name="P:WPFDialogChecker.ViewModel.MainBusinessLogicViewModel.LastException">
            <summary>
            Gesetzte Test-Exception oder null.
            </summary>
        </member>
        <member name="P:WPFDialogChecker.ViewModel.MainBusinessLogicViewModel.CmdTrue">
            <summary>
            Command für den CmdTrue-Button in der MainBusinessLogic.
            </summary>
        </member>
        <member name="P:WPFDialogChecker.ViewModel.MainBusinessLogicViewModel.CmdFalse">
            <summary>
            Command für den CmdFalse-Button in der MainBusinessLogic.
            </summary>
        </member>
        <member name="P:WPFDialogChecker.ViewModel.MainBusinessLogicViewModel.CmdNull">
            <summary>
            Command für den CmdNull-Button in der MainBusinessLogic.
            </summary>
        </member>
        <member name="P:WPFDialogChecker.ViewModel.MainBusinessLogicViewModel.CmdExp">
            <summary>
            Command für den CmdExp-Button in der MainBusinessLogic.
            </summary>
        </member>
        <member name="P:WPFDialogChecker.ViewModel.MainBusinessLogicViewModel.Break">
            <summary>
            Command für den Break-Button im der MainBusinessLogic.
            </summary>
        </member>
        <member name="M:WPFDialogChecker.ViewModel.MainBusinessLogicViewModel.#ctor(WPFDialogChecker.Model.MainBusinessLogic,System.Windows.FrameworkElement)">
            <summary>
            Konstruktor
            </summary>
        </member>
        <member name="T:WPFDialogChecker.ViewModel.MainWindowViewModel">
             <summary>
             ViewModel für das MainWindow.
             </summary>
             <remarks>
             File: MainWindowViewModel
             Autor: Erik Nagel
            
             09.01.2014 Erik Nagel: erstellt
             </remarks>
        </member>
        <member name="P:WPFDialogChecker.ViewModel.MainWindowViewModel.MainBusinessLogicViewModel_">
            <summary>
            ViewModel für den LogicalTaskTree.
            </summary>
        </member>
        <member name="P:WPFDialogChecker.ViewModel.MainWindowViewModel.InitSizeCommand">
            <summary>
            Setzt die Fenstergröße unter Berücksichtigung von Maximalgrenzen auf die
            Höhe und Breite des Inhalts und die Property SizeToContent auf WidthAndHeight.
            </summary>
        </member>
        <member name="M:WPFDialogChecker.ViewModel.MainWindowViewModel.#ctor(WPFDialogChecker.ViewModel.MainBusinessLogicViewModel,System.Action{System.Object})">
            <summary>
            Konstruktor - übernimmt das mainBusinessLogicViewModel und eine Methode des
            MainWindows zum Restaurieren der Fenstergröße abhängig vom Fensterinhalt.
            </summary>
            <param name="mainBusinessLogicViewModel">ViewModel für den LogicalTaskTree.</param>
            <param name="initWindowSize">Restauriert die Fenstergröße abhängig vom Fensterinhalt.</param>
        </member>
    </members>
</doc>
