<?xml version="1.0"?>
<doc>
    <assembly>
        <name>WPFDateDialog</name>
    </assembly>
    <members>
        <member name="T:WPFDateDialog.AppSettings">
             <summary>
             Holt Applikationseinstellungen aus verschiedenen Quellen:
             Kommandozeile, app.config, Environment, Registry und (zur Demo) aus einer test.ini.
             - anwendungsspezifisch -
             Erbt allgemeingültige Einstellungen von BasicAppSettings oder davon abgeleiteten
             Klassen und fügt Anwendungsspezifische Properties hinzu.<br></br>
             <seealso cref="T:NetEti.ApplicationEnvironment.BasicAppSettings"/>
             </summary>
             <remarks>
             File: AppSettings.cs<br></br>
             Autor: Erik Nagel, NetEti<br></br>
            <br></br>
             11.10.2013 Erik Nagel: erstellt<br></br>
             </remarks>
        </member>
        <member name="M:WPFDateDialog.AppSettings.#ctor">
            <summary>
            Private Konstruktor, wird ggf. über Reflection vom externen statischen
            GenericSingletonProvider über GetInstance() aufgerufen.
            Holt alle Infos und stellt sie als Properties zur Verfügung.
            </summary>
        </member>
        <member name="T:WPFDateDialog.WPFDateDialog">
            <summary>
            Vishnu-Checker (WPF-Dialog) für eine Datumseingabe.
            </summary>
        </member>
        <member name="E:WPFDateDialog.WPFDateDialog.NodeProgressChanged">
            <summary>
            Wird ausgelöst, wenn sich der Verarbeitungsfortschritt geändert hat.
            </summary>
        </member>
        <member name="P:WPFDateDialog.WPFDateDialog.ReturnObject">
            <summary>
            Rückgabe-Objekt des Checkers (zusätzlich zum Check-Result (bool?)).
            </summary>
        </member>
        <member name="M:WPFDateDialog.WPFDateDialog.Run(System.Object,Vishnu.Interchange.TreeParameters,Vishnu.Interchange.TreeEvent)">
            <summary>
            Startet den Checker - wird von einem Knoten im LogicalTaskTree aufgerufen.
            Checker liefern grundsätzlich true oder false zurück. Darüber hinaus können
            weiter gehende Informationen über das ReturnObject transportiert werden;
            Hier wird DateTime.Now über das ReturnObject zurückgegeben.
            </summary>
            <param name="checkerParameters">Spezifische Aufrufparameter oder null.</param>
            <param name="treeParameters">Für den gesamten Tree gültige Parameter oder null.</param>
            <param name="source">Auslösendes TreeEvent oder null.</param>
            <returns>True, False oder null</returns>
        </member>
        <member name="T:Model.IMinimumDialogServer">
            <summary>
            Stellt der Business-Logic minimale Steuerungsmöglichkeiten zur
            Steuerung der konkret geladenen UI über das ViewModel zur Verfügung.
            </summary>
        </member>
        <member name="M:Model.IMinimumDialogServer.WaitAndClose(System.Int32,System.Boolean)">
            <summary>
            Schließt die Ui mit einer Verzögerung von millisecondsDelay.
            </summary>
            <param name="millisecondsDelay">Verzögerung in Millisekunden vor Schließen der Ui.</param>
            <param name="dialogResult">DialogResult (True oder False).</param>
        </member>
        <member name="T:Model.State">
            <summary>
            Verarbeitungszustände einer Applikation.
            </summary>
        </member>
        <member name="F:Model.State.None">
            <summary>Startbereit, Zustand nach Initialisierung.</summary>
        </member>
        <member name="F:Model.State.Waiting">
            <summary>Beschäftigt, wartet auf Starterlaubnis.</summary>
        </member>
        <member name="F:Model.State.Working">
            <summary>Beschäftigt, arbeitet.</summary>
        </member>
        <member name="F:Model.State.Done">
            <summary>Startbereit, ist beendet.</summary>
        </member>
        <member name="F:Model.State.Breaked">
            <summary>Startbereit, ist abgebrochen.</summary>
        </member>
        <member name="F:Model.State.CanStart">
            <summary>Kann gestartet werden (None, Done oder Breaked).</summary>
        </member>
        <member name="F:Model.State.Busy">
            <summary>Nicht startbereit, wartet oder arbeitet gerade (Waiting oder Working).</summary>
        </member>
        <member name="T:Model.StateChangedEventHandler">
            <summary>
            Wird aufgerufen, wenn sich der Verarbeitungszustand eines Knotens geändert hat.
            </summary>
            <param name="sender">Die Ereignis-Quelle.</param>
            <param name="state">None, Waiting, Working, Finished, Busy (= Waiting | Working) oder CanStart (= None|Finished).</param>
        </member>
        <member name="T:Model.MainBusinessLogic">
            <summary>
            Der Haupt-Einstiegspunkt für die Geschäftslogik.
            </summary>
        </member>
        <member name="P:Model.MainBusinessLogic.DialogServer">
            <summary>
            Übernimmt minimale Steuerungsmöglichkeiten für die konkret
            geladene UI vom ViewModel. Wird vom ViewModel gesetzt.
            </summary>
        </member>
        <member name="E:Model.MainBusinessLogic.StateChanged">
            <summary>
            Wird aufgerufen, wenn sich der Verarbeitungszustand eines Knotens geändert hat.
            </summary>
        </member>
        <member name="P:Model.MainBusinessLogic.CallingNodeId">
            <summary>
            Id des aufrufenden Knoten aus Vishnu.
            Wird vom Checker gesetzt und vom ViewModel übernommen.
            </summary>
        </member>
        <member name="P:Model.MainBusinessLogic.DateAndTime">
            <summary>
            Das Ergebnis (DateTime?) im ReturnObject.
            </summary>
        </member>
        <member name="P:Model.MainBusinessLogic.DialogResult">
            <summary>
            Das DialogResult der Verarbeitung
            </summary>
        </member>
        <member name="P:Model.MainBusinessLogic.ModelState">
            <summary>
            Der aktuelle Verarbeitungszustand der MainBusinessLogic. 
            </summary>
        </member>
        <member name="M:Model.MainBusinessLogic.#ctor(System.String,System.Nullable{System.DateTime})">
            <summary>
            Standard Konstruktor.
            </summary>
        </member>
        <member name="M:Model.MainBusinessLogic.HandleCmdBreak">
            <summary>
            Abbrechen der Task.
            </summary>
        </member>
        <member name="M:Model.MainBusinessLogic.CanHandleCmdBreak">
            <summary>
            True, wenn das Abbrechen der Task möglich ist.
            </summary>
        </member>
        <member name="M:Model.MainBusinessLogic.HandleCmdOk">
            <summary>
            Übernimmt die neuen Werte und beendet die MainBusinessLogic.
            </summary>
        </member>
        <member name="M:Model.MainBusinessLogic.CanHandleCmdOk">
            <summary>
            True, wenn das Abschließen der Task
            mit Übernahme der neuen Werte möglich ist.
            </summary>
        </member>
        <member name="M:Model.MainBusinessLogic.HandleCmdNull">
            <summary>
            Übernimmt Null als neuen Wert und beendet die MainBusinessLogic.
            </summary>
        </member>
        <member name="M:Model.MainBusinessLogic.CanHandleCmdNull">
            <summary>
            True, wenn das Abschließen der Task
            mit Übernahme der neuen Werte möglich ist.
            </summary>
        </member>
        <member name="M:Model.MainBusinessLogic.OnStateChanged">
            <summary>
            Löst das NodeStateChanged-Ereignis aus.
            </summary>
        </member>
        <member name="T:ViewModel.MainBusinessLogicViewModel">
             <summary>
             ViewModel für die TreeView in LogicalTaskTreeControl im ersten Tab des MainWindow.
             </summary>
             <remarks>
             File: LogicalTaskTreeViewModel
             Autor: Erik Nagel
            
             05.01.2013 Erik Nagel: erstellt
             </remarks>
        </member>
        <member name="M:ViewModel.MainBusinessLogicViewModel.WaitAndClose(System.Int32,System.Boolean)">
            <summary>
            Schließt die Ui mit einer Verzögerung von millisecondsDelay.
            </summary>
            <param name="millisecondsDelay">Verzögerung in Millisekunden vor Schließen der Ui.</param>
            <param name="dialogResult">DialogResult (True oder False).</param>
        </member>
        <member name="P:ViewModel.MainBusinessLogicViewModel.WindowTitle">
            <summary>
            Id des Aufrufenden Knotens im LogicalTaskTree plus Start-Frage.
            </summary>
        </member>
        <member name="P:ViewModel.MainBusinessLogicViewModel.CallingNodeId">
            <summary>
            Id des Aufrufenden Knotens im LogicalTaskTree.
            </summary>
        </member>
        <member name="P:ViewModel.MainBusinessLogicViewModel.DateAndTime">
            <summary>
            True, false oder null..
            </summary>
        </member>
        <member name="P:ViewModel.MainBusinessLogicViewModel.CmdOk">
            <summary>
            Command für den CmdTrue-Button in der MainBusinessLogic.
            </summary>
        </member>
        <member name="P:ViewModel.MainBusinessLogicViewModel.CmdNull">
            <summary>
            Command für den CmdTrue-Button in der MainBusinessLogic.
            </summary>
        </member>
        <member name="P:ViewModel.MainBusinessLogicViewModel.CmdBreak">
            <summary>
            Command für den Break-Button im der MainBusinessLogic.
            </summary>
        </member>
        <member name="M:ViewModel.MainBusinessLogicViewModel.#ctor(Model.MainBusinessLogic,System.Windows.FrameworkElement)">
            <summary>
            Konstruktor
            </summary>
        </member>
        <member name="T:ViewModel.MainWindowViewModel">
             <summary>
             ViewModel für das MainWindow.
             </summary>
             <remarks>
             File: MainWindowViewModel
             Autor: Erik Nagel
            
             09.01.2014 Erik Nagel: erstellt
             </remarks>
        </member>
        <member name="P:ViewModel.MainWindowViewModel.MainBusinessLogicViewModel_">
            <summary>
            ViewModel für den LogicalTaskTree.
            </summary>
        </member>
        <member name="M:ViewModel.MainWindowViewModel.#ctor(ViewModel.MainBusinessLogicViewModel)">
            <summary>
            Konstruktor - übernimmt das ViewModel für den LogicalTaskTree und eine Methode des
            MainWindows zum Restaurieren der Fenstergröße abhängig vom Fensterinhalt.
            </summary>
            <param name="mainBusinessLogicViewModel">ViewModel für den LogicalTaskTree.</param>
        </member>
        <member name="T:View.Behaviors.WindowBehaviours">
             <summary>
             Bindet das Close-X des Windows an ein Command.
             </summary>
             <remarks>
             File: WindowBehaviours.cs
             Autor: Erik Nagel
            
             18.04.2015 Erik Nagel: erstellt
             </remarks>
        </member>
        <member name="F:View.Behaviors.WindowBehaviours.WindowClosedCommandProperty">
            <summary>
            Attached Property für das Closed-Event eines Windows.
            </summary>
        </member>
        <member name="M:View.Behaviors.WindowBehaviours.SetWindowClosedCommand(System.Windows.UIElement,System.Windows.Input.ICommand)">
            <summary>
            WPF-Setter für das WindowClosedCommand.
            </summary>
            <param name="obj">Das besitzende Control.</param>
            <param name="value">Das Command.</param>
        </member>
        <member name="M:View.Behaviors.WindowBehaviours.GetWindowClosedCommand(System.Windows.UIElement)">
            <summary>
            WPF-Getter für das WindowClosedCommand.
            </summary>
            <param name="obj">Das besitzende Control.</param>
            <returns>Das Command.</returns>
        </member>
        <member name="M:View.Behaviors.WindowBehaviours.WindowClosedEventHandler(System.Object,System.EventArgs)">
            <summary>
            Event-Handler für das Expanded-Event des Expanders.
            </summary>
            <param name="sender">Das Command.</param>
            <param name="e">Argumente.</param>
        </member>
        <member name="T:View.LockHelper">
            <summary>
            Leeres statisches Singleton, kann für Locking verwendet werden.
            </summary>
            <remarks>
            05.09.2022 Erik Nagel: created.
            </remarks>
        </member>
        <member name="P:View.LockHelper.Instance">
            <summary>
            Verwendung: lock(LockHelper.Instance)
            </summary>
        </member>
        <member name="T:View.MainWindow">
            <summary>
            Interaktionslogik für MainWindow.xaml
            </summary>
            <summary>
            MainWindow
            </summary>
        </member>
        <member name="M:View.MainWindow.#ctor(System.Windows.Point)">
            <summary>
            Konstruktor des Haupt-Fensters.
            </summary>
        </member>
        <member name="M:View.MainWindow.InitializeComponent">
            <summary>
            InitializeComponent
            </summary>
        </member>
        <member name="T:View.ValueConverter.NullableBoolToBrush">
             <summary>
             ValueConverter, wandelt einen nullable bool in Farben:
             null: gelb, true: grün, false: rot.
             </summary>
             <remarks>
             File: NullableBoolToBrush.cs
             Autor: Erik Nagel
            
             05.01.2013 Erik Nagel: erstellt
             </remarks>
        </member>
        <member name="M:View.ValueConverter.NullableBoolToBrush.Convert(System.Object,System.Type,System.Object,System.Globalization.CultureInfo)">
            <summary>
            Wandelt einen nullable bool in Farben (SolidColorBrush):
            null: gelb, true: grün, false: rot.
            </summary>
            <param name="value">Nullable-Bool</param>
            <param name="targetType">Brush-Typ</param>
            <param name="parameter">Konvertierparameter</param>
            <param name="culture">Kultur</param>
            <returns>SolidColorBrush (gelb, grün, rot)</returns>
        </member>
        <member name="M:View.ValueConverter.NullableBoolToBrush.ConvertBack(System.Object,System.Type,System.Object,System.Globalization.CultureInfo)">
            <summary>
            Wandelt die Farben gelb, grün, rot (SolidColorBrush)
            in null, true, false.
            </summary>
            <param name="value">SolidColorBrush (gelb, grün, rot)</param>
            <param name="targetType">Brush-Typ</param>
            <param name="parameter">Konvertierparameter</param>
            <param name="culture">Kultur</param>
            <returns>Nullable-Bool</returns>
        </member>
    </members>
</doc>
