<?xml version="1.0"?>
<doc>
    <assembly>
        <name>WPFDialogChecker.View</name>
    </assembly>
    <members>
        <member name="T:WPFDialogChecker.View.LockHelper">
            <summary>
            Leeres statisches Singleton, kann für Locking verwendet werden.
            </summary>
            <remarks>
            05.09.2022 Erik Nagel: created.
            </remarks>
        </member>
        <member name="P:WPFDialogChecker.View.LockHelper.Instance">
            <summary>
            Verwendung: lock(LockHelper.Instance)
            </summary>
        </member>
        <member name="T:WPFDialogChecker.View.MainWindow">
            <summary>
            Interaktionslogik für MainWindow.xaml
            </summary>
            <summary>
            MainWindow
            </summary>
        </member>
        <member name="M:WPFDialogChecker.View.MainWindow.#ctor">
            <summary>
            Konstruktor des Haupt-Fensters.
            </summary>
        </member>
        <member name="M:WPFDialogChecker.View.MainWindow.InitWindowSize(System.Object)">
            <summary>
            Setzt die Fenstergröße unter Berücksichtigung von Maximalgrenzen auf die
            Höhe und Breite des Inhalts und die Property SizeToContent auf WidthAndHeight.
            </summary>
        </member>
        <member name="M:WPFDialogChecker.View.MainWindow.InitializeComponent">
            <summary>
            InitializeComponent
            </summary>
        </member>
        <member name="T:WPFDialogChecker.View.ValueConverter.NullableBoolToBrush">
             <summary>
             ValueConverter, wandelt einen nullable bool in Farben:
             null: gelb, true: grün, false: rot.
             </summary>
             <remarks>
             File: NullableBoolToBrush.cs
             Autor: Erik Nagel
            
             05.01.2013 Erik Nagel: erstellt
             </remarks>
        </member>
        <member name="M:WPFDialogChecker.View.ValueConverter.NullableBoolToBrush.Convert(System.Object,System.Type,System.Object,System.Globalization.CultureInfo)">
            <summary>
            Wandelt einen nullable bool in Farben (SolidColorBrush):
            null: gelb, true: grün, false: rot.
            </summary>
            <param name="value">Nullable-Bool</param>
            <param name="targetType">Brush-Typ</param>
            <param name="parameter">Konvertierparameter</param>
            <param name="culture">Kultur</param>
            <returns>SolidColorBrush (gelb, grün, rot)</returns>
        </member>
        <member name="M:WPFDialogChecker.View.ValueConverter.NullableBoolToBrush.ConvertBack(System.Object,System.Type,System.Object,System.Globalization.CultureInfo)">
            <summary>
            Wandelt die Farben gelb, grün, rot (SolidColorBrush)
            in null, true, false.
            </summary>
            <param name="value">SolidColorBrush (gelb, grün, rot)</param>
            <param name="targetType">Brush-Typ</param>
            <param name="parameter">Konvertierparameter</param>
            <param name="culture">Kultur</param>
            <returns>Nullable-Bool</returns>
        </member>
    </members>
</doc>
