<?xml version="1.0"?>
<doc>
    <assembly>
        <name>WPFDialogChecker</name>
    </assembly>
    <members>
        <member name="T:WPFDialogChecker.AppSettings">
             <summary>
             Holt Applikationseinstellungen aus verschiedenen Quellen:
             Kommandozeile, app.config, Environment, Registry und (zur Demo) aus einer test.ini.
             - anwendungsspezifisch -
             Erbt allgemeingültige Einstellungen von BasicAppSettings oder davon abgeleiteten
             Klassen und fügt Anwendungsspezifische Properties hinzu.<br></br>
             <seealso cref="T:NetEti.ApplicationEnvironment.BasicAppSettings"/>
             </summary>
             <remarks>
             File: AppSettings.cs<br></br>
             Autor: Erik Nagel, NetEti<br></br>
            <br></br>
             11.10.2013 Erik Nagel: erstellt<br></br>
             </remarks>
        </member>
        <member name="M:WPFDialogChecker.AppSettings.#ctor">
            <summary>
            Private Konstruktor, wird ggf. über Reflection vom externen statischen
            GenericSingletonProvider über GetInstance() aufgerufen.
            Holt alle Infos und stellt sie als Properties zur Verfügung.
            </summary>
        </member>
        <member name="T:WPFDialogChecker.Model.State">
            <summary>
            Verarbeitungszustände einer Applikation.
            </summary>
        </member>
        <member name="F:WPFDialogChecker.Model.State.None">
            <summary>Startbereit, Zustand nach Initialisierung.</summary>
        </member>
        <member name="F:WPFDialogChecker.Model.State.Waiting">
            <summary>Beschäftigt, wartet auf Starterlaubnis.</summary>
        </member>
        <member name="F:WPFDialogChecker.Model.State.Working">
            <summary>Beschäftigt, arbeitet.</summary>
        </member>
        <member name="F:WPFDialogChecker.Model.State.Done">
            <summary>Startbereit, ist beendet.</summary>
        </member>
        <member name="F:WPFDialogChecker.Model.State.Breaked">
            <summary>Startbereit, ist abgebrochen.</summary>
        </member>
        <member name="F:WPFDialogChecker.Model.State.CanStart">
            <summary>Kann gestartet werden (None, Done oder Breaked).</summary>
        </member>
        <member name="F:WPFDialogChecker.Model.State.Busy">
            <summary>Nicht startbereit, wartet oder arbeitet gerade (Waiting oder Working).</summary>
        </member>
        <member name="T:WPFDialogChecker.Model.StateChangedEventHandler">
            <summary>
            Wird aufgerufen, wenn sich der Verarbeitungszustand eines Knotens geändert hat.
            </summary>
            <param name="sender">Die Ereignis-Quelle.</param>
            <param name="state">None, Waiting, Working, Finished, Busy (= Waiting | Working) oder CanStart (= None|Finished).</param>
        </member>
        <member name="T:WPFDialogChecker.Model.MainBusinessLogic">
            <summary>
            Der Haupt-Einstiegspunkt für die Geschäftslogik.
            </summary>
        </member>
        <member name="E:WPFDialogChecker.Model.MainBusinessLogic.StateChanged">
            <summary>
            Wird aufgerufen, wenn sich der Verarbeitungszustand eines Knotens geändert hat.
            </summary>
        </member>
        <member name="P:WPFDialogChecker.Model.MainBusinessLogic.LogicalState">
            <summary>
            True, false oder null.
            </summary>
        </member>
        <member name="P:WPFDialogChecker.Model.MainBusinessLogic.ModelState">
            <summary>
            Der aktuelle Verarbeitungszustand der MainBusinessLogic. 
            </summary>
        </member>
        <member name="P:WPFDialogChecker.Model.MainBusinessLogic.CallingNodeId">
            <summary>
            Id des aufrufenden Knoten aus Vishnu.
            Wird vom Checker gesetzt und vom ViewModel übernommen.
            </summary>
        </member>
        <member name="M:WPFDialogChecker.Model.MainBusinessLogic.#ctor(System.String)">
            <summary>
            Standard Konstruktor.
            </summary>
        </member>
        <member name="M:WPFDialogChecker.Model.MainBusinessLogic.Break">
            <summary>
            Abbrechen der Task.
            Wenn der Knoten selber beschäftigt ist, dann diesen zum Abbruch veranlassen,
            ansonsten die Abbruch-Anforderung an alle Kinder weitergeben.
            </summary>
        </member>
        <member name="M:WPFDialogChecker.Model.MainBusinessLogic.SetLogicalStateToTrue">
            <summary>
            Setzt den logischen Zustand der MainBusinessLogic auf true.
            </summary>
        </member>
        <member name="M:WPFDialogChecker.Model.MainBusinessLogic.SetLogicalStateToFalse">
            <summary>
            Setzt den logischen Zustand der MainBusinessLogic auf false.
            </summary>
        </member>
        <member name="M:WPFDialogChecker.Model.MainBusinessLogic.SetLogicalStateToNull">
            <summary>
            Setzt den logischen Zustand der MainBusinessLogic auf null.
            </summary>
        </member>
        <member name="M:WPFDialogChecker.Model.MainBusinessLogic.OnStateChanged">
            <summary>
            Löst das NodeStateChanged-Ereignis aus.
            </summary>
        </member>
        <member name="T:WPFDialogChecker.ViewModel.MainBusinessLogicViewModel">
             <summary>
             ViewModel für die TreeView in LogicalTaskTreeControl im ersten Tab des MainWindow.
             </summary>
             <remarks>
             File: LogicalTaskTreeViewModel
             Autor: Erik Nagel
            
             05.01.2013 Erik Nagel: erstellt
             </remarks>
        </member>
        <member name="P:WPFDialogChecker.ViewModel.MainBusinessLogicViewModel.WindowTitle">
            <summary>
            Id des Aufrufenden Knotens im LogicalTaskTree plus Start-Frage.
            </summary>
        </member>
        <member name="P:WPFDialogChecker.ViewModel.MainBusinessLogicViewModel.CallingNodeId">
            <summary>
            Id des Aufrufenden Knotens im LogicalTaskTree.
            </summary>
        </member>
        <member name="P:WPFDialogChecker.ViewModel.MainBusinessLogicViewModel.LogicalState">
            <summary>
            True, false oder null..
            </summary>
        </member>
        <member name="P:WPFDialogChecker.ViewModel.MainBusinessLogicViewModel.LastException">
            <summary>
            Gesetzte Test-Exception oder null.
            </summary>
        </member>
        <member name="P:WPFDialogChecker.ViewModel.MainBusinessLogicViewModel.CmdTrue">
            <summary>
            Command für den CmdTrue-Button in der MainBusinessLogic.
            </summary>
        </member>
        <member name="P:WPFDialogChecker.ViewModel.MainBusinessLogicViewModel.CmdFalse">
            <summary>
            Command für den CmdFalse-Button in der MainBusinessLogic.
            </summary>
        </member>
        <member name="P:WPFDialogChecker.ViewModel.MainBusinessLogicViewModel.CmdNull">
            <summary>
            Command für den CmdNull-Button in der MainBusinessLogic.
            </summary>
        </member>
        <member name="P:WPFDialogChecker.ViewModel.MainBusinessLogicViewModel.CmdExp">
            <summary>
            Command für den CmdExp-Button in der MainBusinessLogic.
            </summary>
        </member>
        <member name="P:WPFDialogChecker.ViewModel.MainBusinessLogicViewModel.Break">
            <summary>
            Command für den Break-Button im der MainBusinessLogic.
            </summary>
        </member>
        <member name="M:WPFDialogChecker.ViewModel.MainBusinessLogicViewModel.#ctor(WPFDialogChecker.Model.MainBusinessLogic,System.Windows.FrameworkElement)">
            <summary>
            Konstruktor
            </summary>
        </member>
        <member name="T:WPFDialogChecker.ViewModel.MainWindowViewModel">
             <summary>
             ViewModel für das MainWindow.
             </summary>
             <remarks>
             File: MainWindowViewModel
             Autor: Erik Nagel
            
             09.01.2014 Erik Nagel: erstellt
             </remarks>
        </member>
        <member name="P:WPFDialogChecker.ViewModel.MainWindowViewModel.MainBusinessLogicViewModel_">
            <summary>
            ViewModel für den LogicalTaskTree.
            </summary>
        </member>
        <member name="P:WPFDialogChecker.ViewModel.MainWindowViewModel.InitSizeCommand">
            <summary>
            Setzt die Fenstergröße unter Berücksichtigung von Maximalgrenzen auf die
            Höhe und Breite des Inhalts und die Property SizeToContent auf WidthAndHeight.
            </summary>
        </member>
        <member name="M:WPFDialogChecker.ViewModel.MainWindowViewModel.#ctor(WPFDialogChecker.ViewModel.MainBusinessLogicViewModel,System.Action{System.Object})">
            <summary>
            Konstruktor - übernimmt das mainBusinessLogicViewModel und eine Methode des
            MainWindows zum Restaurieren der Fenstergröße abhängig vom Fensterinhalt.
            </summary>
            <param name="mainBusinessLogicViewModel">ViewModel für den LogicalTaskTree.</param>
            <param name="initWindowSize">Restauriert die Fenstergröße abhängig vom Fensterinhalt.</param>
        </member>
        <member name="T:WPFDialogChecker.View.MainWindow">
            <summary>
            Interaktionslogik für MainWindow.xaml
            </summary>
            <summary>
            MainWindow
            </summary>
        </member>
        <member name="M:WPFDialogChecker.View.MainWindow.#ctor">
            <summary>
            Konstruktor des Haupt-Fensters.
            </summary>
        </member>
        <member name="M:WPFDialogChecker.View.MainWindow.InitWindowSize(System.Object)">
            <summary>
            Setzt die Fenstergröße unter Berücksichtigung von Maximalgrenzen auf die
            Höhe und Breite des Inhalts und die Property SizeToContent auf WidthAndHeight.
            </summary>
        </member>
        <member name="M:WPFDialogChecker.View.MainWindow.InitializeComponent">
            <summary>
            InitializeComponent
            </summary>
        </member>
        <member name="T:WPFDialogChecker.WPFDialogChecker">
            <summary>
            Vishnu-Dialog-Checker zur manuellen Eingabe von Checker-Ergebnissen: true, false, null oder Exception.
            </summary>
        </member>
        <member name="M:WPFDialogChecker.WPFDialogChecker.#ctor">
            <summary>
            Konstruktor.
            </summary>
        </member>
        <member name="E:WPFDialogChecker.WPFDialogChecker.NodeProgressChanged">
            <summary>
            Kann aufgerufen werden, wenn sich der Verarbeitungs-Fortschritt
            des Checkers geändert hat, muss aber zumindest aber einmal zum
            Schluss der Verarbeitung aufgerufen werden.
            </summary>
        </member>
        <member name="P:WPFDialogChecker.WPFDialogChecker.ReturnObject">
            <summary>
            Rückgabe-Objekt des Checkers (zusätzlich zum Check-Result (bool?)).
            </summary>
        </member>
        <member name="M:WPFDialogChecker.WPFDialogChecker.Run(System.Object,Vishnu.Interchange.TreeParameters,Vishnu.Interchange.TreeEvent)">
            <summary>
            Startet den Checker - wird von einem Knoten im LogicalTaskTree aufgerufen.
            Checker liefern grundsätzlich true oder false zurück. Darüber hinaus können
            weiter gehende Informationen über das ReturnObject transportiert werden;
            Hier wird DateTime.Now über das ReturnObject zurückgegeben.
            </summary>
            <param name="checkerParameters">Spezifische Aufrufparameter oder null.</param>
            <param name="treeParameters">Für den gesamten Tree gültige Parameter oder null.</param>
            <param name="source">Auslösendes TreeEvent oder null.</param>
            <returns>True, False oder null</returns>
        </member>
        <member name="T:View.LockHelper">
            <summary>
            Leeres statisches Singleton, kann für Locking verwendet werden.
            </summary>
            <remarks>
            05.09.2022 Erik Nagel: created.
            </remarks>
        </member>
        <member name="P:View.LockHelper.Instance">
            <summary>
            Verwendung: lock(LockHelper.Instance)
            </summary>
        </member>
        <member name="T:View.ValueConverter.NullableBoolToBrush">
             <summary>
             ValueConverter, wandelt einen nullable bool in Farben:
             null: gelb, true: grün, false: rot.
             </summary>
             <remarks>
             File: NullableBoolToBrush.cs
             Autor: Erik Nagel
            
             05.01.2013 Erik Nagel: erstellt
             </remarks>
        </member>
        <member name="M:View.ValueConverter.NullableBoolToBrush.Convert(System.Object,System.Type,System.Object,System.Globalization.CultureInfo)">
            <summary>
            Wandelt einen nullable bool in Farben (SolidColorBrush):
            null: gelb, true: grün, false: rot.
            </summary>
            <param name="value">Nullable-Bool</param>
            <param name="targetType">Brush-Typ</param>
            <param name="parameter">Konvertierparameter</param>
            <param name="culture">Kultur</param>
            <returns>SolidColorBrush (gelb, grün, rot)</returns>
        </member>
        <member name="M:View.ValueConverter.NullableBoolToBrush.ConvertBack(System.Object,System.Type,System.Object,System.Globalization.CultureInfo)">
            <summary>
            Wandelt die Farben gelb, grün, rot (SolidColorBrush)
            in null, true, false.
            </summary>
            <param name="value">SolidColorBrush (gelb, grün, rot)</param>
            <param name="targetType">Brush-Typ</param>
            <param name="parameter">Konvertierparameter</param>
            <param name="culture">Kultur</param>
            <returns>Nullable-Bool</returns>
        </member>
    </members>
</doc>
