<?xml version="1.0"?>
<doc>
    <assembly>
        <name>WPFDateDialog.Model</name>
    </assembly>
    <members>
        <member name="T:Model.IMinimumDialogServer">
            <summary>
            Stellt der Business-Logic minimale Steuerungsmöglichkeiten zur
            Steuerung der konkret geladenen UI über das ViewModel zur Verfügung.
            </summary>
        </member>
        <member name="M:Model.IMinimumDialogServer.WaitAndClose(System.Int32,System.Boolean)">
            <summary>
            Schließt die Ui mit einer Verzögerung von millisecondsDelay.
            </summary>
            <param name="millisecondsDelay">Verzögerung in Millisekunden vor Schließen der Ui.</param>
            <param name="dialogResult">DialogResult (True oder False).</param>
        </member>
        <member name="T:WPFDateDialog.Model.State">
            <summary>
            Verarbeitungszustände einer Applikation.
            </summary>
        </member>
        <member name="F:WPFDateDialog.Model.State.None">
            <summary>Startbereit, Zustand nach Initialisierung.</summary>
        </member>
        <member name="F:WPFDateDialog.Model.State.Waiting">
            <summary>Beschäftigt, wartet auf Starterlaubnis.</summary>
        </member>
        <member name="F:WPFDateDialog.Model.State.Working">
            <summary>Beschäftigt, arbeitet.</summary>
        </member>
        <member name="F:WPFDateDialog.Model.State.Done">
            <summary>Startbereit, ist beendet.</summary>
        </member>
        <member name="F:WPFDateDialog.Model.State.Breaked">
            <summary>Startbereit, ist abgebrochen.</summary>
        </member>
        <member name="F:WPFDateDialog.Model.State.CanStart">
            <summary>Kann gestartet werden (None, Done oder Breaked).</summary>
        </member>
        <member name="F:WPFDateDialog.Model.State.Busy">
            <summary>Nicht startbereit, wartet oder arbeitet gerade (Waiting oder Working).</summary>
        </member>
        <member name="T:WPFDateDialog.Model.StateChangedEventHandler">
            <summary>
            Wird aufgerufen, wenn sich der Verarbeitungszustand eines Knotens geändert hat.
            </summary>
            <param name="sender">Die Ereignis-Quelle.</param>
            <param name="state">None, Waiting, Working, Finished, Busy (= Waiting | Working) oder CanStart (= None|Finished).</param>
        </member>
        <member name="T:WPFDateDialog.Model.MainBusinessLogic">
            <summary>
            Der Haupt-Einstiegspunkt für die Geschäftslogik.
            </summary>
        </member>
        <member name="P:WPFDateDialog.Model.MainBusinessLogic.DialogServer">
            <summary>
            Übernimmt minimale Steuerungsmöglichkeiten für die konkret
            geladene UI vom ViewModel. Wird vom ViewModel gesetzt.
            </summary>
        </member>
        <member name="E:WPFDateDialog.Model.MainBusinessLogic.StateChanged">
            <summary>
            Wird aufgerufen, wenn sich der Verarbeitungszustand eines Knotens geändert hat.
            </summary>
        </member>
        <member name="P:WPFDateDialog.Model.MainBusinessLogic.CallingNodeId">
            <summary>
            Id des aufrufenden Knoten aus Vishnu.
            Wird vom Checker gesetzt und vom ViewModel übernommen.
            </summary>
        </member>
        <member name="P:WPFDateDialog.Model.MainBusinessLogic.DateAndTime">
            <summary>
            Das Ergebnis (DateTime?) im ReturnObject.
            </summary>
        </member>
        <member name="P:WPFDateDialog.Model.MainBusinessLogic.DialogResult">
            <summary>
            Das DialogResult der Verarbeitung
            </summary>
        </member>
        <member name="P:WPFDateDialog.Model.MainBusinessLogic.ModelState">
            <summary>
            Der aktuelle Verarbeitungszustand der MainBusinessLogic. 
            </summary>
        </member>
        <member name="M:WPFDateDialog.Model.MainBusinessLogic.#ctor(System.String,System.Nullable{System.DateTime})">
            <summary>
            Standard Konstruktor.
            </summary>
        </member>
        <member name="M:WPFDateDialog.Model.MainBusinessLogic.HandleCmdBreak">
            <summary>
            Abbrechen der Task.
            </summary>
        </member>
        <member name="M:WPFDateDialog.Model.MainBusinessLogic.CanHandleCmdBreak">
            <summary>
            True, wenn das Abbrechen der Task möglich ist.
            </summary>
        </member>
        <member name="M:WPFDateDialog.Model.MainBusinessLogic.HandleCmdOk">
            <summary>
            Übernimmt die neuen Werte und beendet die MainBusinessLogic.
            </summary>
        </member>
        <member name="M:WPFDateDialog.Model.MainBusinessLogic.CanHandleCmdOk">
            <summary>
            True, wenn das Abschließen der Task
            mit Übernahme der neuen Werte möglich ist.
            </summary>
        </member>
        <member name="M:WPFDateDialog.Model.MainBusinessLogic.HandleCmdNull">
            <summary>
            Übernimmt Null als neuen Wert und beendet die MainBusinessLogic.
            </summary>
        </member>
        <member name="M:WPFDateDialog.Model.MainBusinessLogic.CanHandleCmdNull">
            <summary>
            True, wenn das Abschließen der Task
            mit Übernahme der neuen Werte möglich ist.
            </summary>
        </member>
        <member name="M:WPFDateDialog.Model.MainBusinessLogic.OnStateChanged">
            <summary>
            Löst das NodeStateChanged-Ereignis aus.
            </summary>
        </member>
    </members>
</doc>
