﻿<?xml version="1.0" encoding="utf-8"?>
<JobDescription>
  <LogicalName>Check WildcardParameters</LogicalName>
  <LogicalExpression>
    <![CDATA[IS WildcardParameterChecker]]>
  </LogicalExpression>
  <BreakWithResult>false</BreakWithResult>
  <ThreadLocked>false</ThreadLocked>
  <StartCollapsed>false</StartCollapsed>
  <IsVolatile>false</IsVolatile>
  <Checkers type="array">
    <Checker>
      <LogicalName>WildcardParameterChecker</LogicalName>
      <PhysicalPath>TrueFalseExceptionChecker.dll</PhysicalPath>
      <Parameters>True||Diese Anwendung heißt %ApplicationName%.</Parameters>
    </Checker>
  </Checkers>
</JobDescription>
