{
  "JobDescription": {
    "LogicalName": "CheckUserValueModifier",
    "LogicalExpression": "\r\n    DatumInput AND Mondphase\r\n  ",
    "Checkers": {
      "Checker": [
        {
          "LogicalName": "DatumInput",
          "PhysicalPath": "WPFDateDialog.dll"
        }
      ]
    },
    "ValueModifiers": {
      "ValueModifier": [
        {
          "LogicalName": "Mondphase",
          "UserControlPath": "Plugin\\SingleNodeUserControl_CheckMoonPhase.dll",
          "Reference": "DatumInput",
          "PhysicalPath": "Plugin\\DateToMoonage.dll",
          "Type": "Object"
        }
      ]
    }
  }
}