<?xml version="1.0"?>
<doc>
    <assembly>
        <name>JobListUserControl</name>
    </assembly>
    <members>
        <member name="T:Vishnu.UserControls.JobListUserControl">
            <summary>
            Interaktionslogik für JobListUserControl.xaml
            </summary>
            <summary>
            JobListUserControl
            </summary>
        </member>
        <member name="M:Vishnu.UserControls.JobListUserControl.#ctor">
            <summary>
            Standard Konstruktor.
            </summary>
        </member>
        <member name="M:Vishnu.UserControls.JobListUserControl.InitializeComponent">
            <summary>
            InitializeComponent
            </summary>
        </member>
    </members>
</doc>
