<?xml version="1.0"?>
<doc>
    <assembly>
        <name>NetEti.ExceptionPresenter</name>
    </assembly>
    <members>
        <member name="T:NetEti.ApplicationControl.Exceptioner">
             <summary>
             Sellt über HandleInfoForException eine Exception incl. ihrer ggf.
             inner Exception und des zugehörigen Call-Stacks in einer MessageBox dar.<br></br>
             Nutzt dafür die Klasse ExtendedException, die ebenfalls hier bereitgestellt wird.
             </summary>
             <remarks>
             File: Exceptioner.cs<br></br>
             Autor: Erik Nagel, NetEti<br></br>
            <br></br>
             08.03.2012 Erik Nagel: erstellt<br></br>
             08.03.2012 Erik Nagel: HandleInfoForException berücksichtigt jetzt bei ExtendedException
                                    die InnerException, die die eigentliche Exception ist;<br></br>
                                    HandleInfoForException ist jetzt nicht mehr statisch;<br></br>
                                    Neue öffentliche Mehoden RegisterAt und UnregisterAt,
                                    dafür ist HandleInfoForException jetzt private.
             </remarks>
        </member>
        <member name="M:NetEti.ApplicationControl.Exceptioner.HandleInfo(System.Object,NetEti.ApplicationControl.InfoArgs)">
            <summary>
            Callback zum Ausgeben von Exceptions: wird vom zuständigen InfoController
            aufgerufen, eine entsprechende vorherige Registrierung vorausgesetzt.
            </summary>
            <param name="sender">Der InfoController</param>
            <param name="msgArgs">Container mit Zusatzinfos</param>
        </member>
        <member name="T:NetEti.ApplicationControl.ExtendedException">
            <summary>
            Erweiterte Exception für die Ausgabe zusätzlicher Informationen,
            wie evtl. InnerException und StackTrace.
            </summary>
        </member>
        <member name="M:NetEti.ApplicationControl.ExtendedException.#ctor(System.String,System.Exception,System.String)">
            <summary>
            Konstruktor: übernimmt zusätzlich zur Exception je einen
            (optionalen) Prefix- oder Suffix-String.
            </summary>
            <param name="prefix">Ein optionaler Text, der vor der Exception ausgegeben wird.</param>
            <param name="ex">Die eigentliche Exception</param>
            <param name="suffix">Ein optionaler Text, der nach der Exception ausgegeben wird.</param>
        </member>
        <member name="M:NetEti.ApplicationControl.ExtendedException.#ctor(System.String,System.Exception)">
            <summary>
            Konstruktor: übernimmt zusätzlich zur Exception einen
            (optionalen) Prefix-String.
            </summary>
            <param name="prefix">Ein optionaler Text, der vor der Exception ausgegeben wird.</param>
            <param name="ex">Die eigentliche Exception.</param>
        </member>
        <member name="M:NetEti.ApplicationControl.ExtendedException.ToString">
            <summary>
            Konvertierung der ExtendedException nach string ohne Prefix und Suffix
            </summary>
            <returns>Exception + Stacktrace als string</returns>
        </member>
    </members>
</doc>
