<?xml version="1.0"?>
<doc>
    <assembly>
        <name>NetEti.ProgressTimer</name>
    </assembly>
    <members>
        <member name="T:NetEti.ApplicationControl.ProgressTimer">
             <summary>
             Simuliert einen kontinuierlich laufenden Fortschritt, auch wenn die Verarbeitung
             am Anfang eine Zeit lang hängt bevor das erste Mal das Event für die
             Fortschrittsanzeige ausgelöst wird. Ebenso kann, wenn die Verarbeitung
             am Ende (nach 100%) noch eine Zeit lang hängt, ein weiterlaufender Balken simuliert
             werden.
             Darüber hinaus können mehrere Verarbeitungen durch Verkettung einen fortlaufenden
             Gesamtprozess simulieren.
             </summary>
             <remarks>   
             Autor: Erik Nagel
            <br></br>
             12.03.2012 Erik Nagel: erstellt<br></br>
             19.12.2016 Erik Nagel: überarbeitet.
             </remarks>
        </member>
        <member name="M:NetEti.ApplicationControl.ProgressTimer.Dispose">
            <summary>
            Öffentliche Methode zum Aufräumen.
            </summary>
        </member>
        <member name="M:NetEti.ApplicationControl.ProgressTimer.Dispose(System.Boolean)">
            <summary>
            Abschlussarbeiten, ggf. Timer zurücksetzen.
            </summary>
            <param name="disposing">False, wenn vom eigenen Destruktor aufgerufen.</param>
        </member>
        <member name="M:NetEti.ApplicationControl.ProgressTimer.Finalize">
            <summary>
            Destruktor
            </summary>
        </member>
        <member name="E:NetEti.ApplicationControl.ProgressTimer.ProgressChanged">
            <summary>
            Ereignis das eintritt, wenn sich der Gesamtfortschritt ändert.
            </summary>
        </member>
        <member name="E:NetEti.ApplicationControl.ProgressTimer.ProgressFinished">
            <summary>
            Ereignis das eintritt, wenn die Verarbeitung für diesen ProgressTimer beendet ist.
            </summary>
        </member>
        <member name="F:NetEti.ApplicationControl.ProgressTimer.WorkingRoutine">
            <summary>
            Die Verarbeitung für diesen ProgressTimer.
            </summary>
        </member>
        <member name="P:NetEti.ApplicationControl.ProgressTimer.ProcessName">
            <summary>
            Bezeichner für die zugrundeliegende Verarbeitung.
            Wird in ProgressChangedEventArgs als userState-Object mitgegeben.
            </summary>
        </member>
        <member name="P:NetEti.ApplicationControl.ProgressTimer.Weight">
            <summary>
            Legt fest, wieviel Raum diese Verarbeitung im Verhältnis zu anderen
            verketteten Verarbeitungsschritten einnimmt (Default: 100, enspricht Gleichverteilung).
            </summary>
        </member>
        <member name="P:NetEti.ApplicationControl.ProgressTimer.Head">
            <summary>
            Legt fest, wieviel Prozent dieser Verarbeitung für die Startverarbeitung
            (vor erstem Aufruf des Callbacks für die Fortschrittsanzeige)
            reserviert werden (Default: 0).
            </summary>
        </member>
        <member name="P:NetEti.ApplicationControl.ProgressTimer.Tail">
            <summary>
            Legt fest, wieviel Prozent dieser Verarbeitung für die Endverarbeitung
            (nach dem letzten Aufruf des Callbacks für die Fortschrittsanzeige)
            reserviert werden (Default: 0).
            </summary>
        </member>
        <member name="P:NetEti.ApplicationControl.ProgressTimer.PercentMilliseconds">
            <summary>
            Legt fest, wie schnell der Fortschritt um ein Prozent erhöht
            werden soll, wenn die eigentliche Verarbeitung hängt (Default: 1000).
            </summary>
        </member>
        <member name="P:NetEti.ApplicationControl.ProgressTimer.IsBreaked">
            <summary>
            Wird auf true gesetzt, wenn FinishChain aufgerufen wurde.
            </summary>
        </member>
        <member name="P:NetEti.ApplicationControl.ProgressTimer.Value">
            <summary>
            Übernimmt den Prozentwert (0 bis 100) für diesen ProgressTimer und
            rechnet diesen in den passenden Wert für den Gesamtfortschritt um.
            Ist der übergebene Prozentwert = 0 wird, wenn der Head dieses
            ProgressTimers > 0 ist, ein "Timer" für den Frortschritt losgeschickt,
            der das Weitersetzen für den Head-Teil übernimmt.
            Ist der übergebene Prozentwert = 100, wird, wenn der Tail dieses
            ProgressTimers > 0 ist, ein "Timer" für den Gesamtfortschritt losgeschickt,
            der das Weitersetzen für den Tail-Teil übernimmt.
            </summary>
        </member>
        <member name="P:NetEti.ApplicationControl.ProgressTimer.LeftBranchWeight">
            <summary>
            Liefert bei verketteten ProgressTimern den Anteil der links vom
            aktuellen ProgressTimer liegenden ProgressTimer am Gesamtfortschritt
            plus den Anteil des aktuellen ProgessTimers.
            </summary>
        </member>
        <member name="P:NetEti.ApplicationControl.ProgressTimer.RightBranchWeight">
            <summary>
            Liefert bei verketteten ProgressTimern den Anteil der rechts vom
            aktuellen ProgressTimer liegenden ProgressTimer am Gesamtfortschritt
            plus den Anteil des aktuellen ProgessTimers.
            </summary>
        </member>
        <member name="P:NetEti.ApplicationControl.ProgressTimer.ChainWeight">
            <summary>
            Liefert bei verketteten ProgressTimern die Summe aller Gewichte.
            </summary>
        </member>
        <member name="M:NetEti.ApplicationControl.ProgressTimer.#ctor">
            <summary>
            Standard Konstruktor.
            </summary>
        </member>
        <member name="M:NetEti.ApplicationControl.ProgressTimer.Chain(NetEti.ApplicationControl.ProgressTimer)">
            <summary>
            Verkettet mehrere ProgressTimer(-Ketten), so dass sie sich den Gesamtfortschritt teilen.
            </summary>
            <param name="successor">Der nachfolgende ProgressTimer</param>
            <returns>Liefert den übergebenen successor für weitere Verkettungen wieder zurück.</returns>
        </member>
        <member name="M:NetEti.ApplicationControl.ProgressTimer.Unchain">
            <summary>
            Löst eine vorhandene Verkettung.
            </summary>
        </member>
        <member name="M:NetEti.ApplicationControl.ProgressTimer.Start">
            <summary>
            Startet die Verarbeitung für den von diesem ProgressTimer belegten
            Teil des gemeinsamen Gesamtfortschritts. Wenn der Head dieses ProgressTimers
            > 0 ist, wird ein "Timer" losgeschickt, der den Fortschritt solange
            steuert, bis die Hauptverarbeitung übernimmt. 
            </summary>
        </member>
        <member name="M:NetEti.ApplicationControl.ProgressTimer.Finish(System.Boolean)">
            <summary>
            Beendet für diesen ProgressTimer die Verarbeitung.
            </summary>
            <param name="setToHundred">Bei True wird der Gesamtfortschritt auf den Wert gesetzt,
            der 100% der Verarbeitung dieses ProgressTimers entspricht.</param>
        </member>
        <member name="M:NetEti.ApplicationControl.ProgressTimer.FinishMe(System.Boolean)">
            <summary>
            Beendet für diesen ProgressTimer die Verarbeitung.
            </summary>
            <param name="setToHundred">Bei True wird der Gesamtfortschritt auf den Wert gesetzt,
            der 100% der Verarbeitung dieses ProgressTimers entspricht.</param>
        </member>
        <member name="M:NetEti.ApplicationControl.ProgressTimer.FinishChain(System.Boolean)">
            <summary>
            Beendet für die gesamte ProgressTimer-Kette die Verarbeitung.
            </summary>
            <param name="setToHundred">Bei True wird der Gesamtfortschritt auf 100% gesetzt.</param>
        </member>
    </members>
</doc>
