<?xml version="1.0"?>
<doc>
    <assembly>
        <name>NetEti.ObjectSerializer</name>
    </assembly>
    <members>
        <member name="M:NetEti.ObjectSerializer.ItemHeader.#ctor(System.Int32,System.String)">
            <summary>
            Standard Konstruktor.
            </summary>
        </member>
        <member name="M:NetEti.ObjectSerializer.ItemHeader.#ctor(System.Byte[])">
            <summary>
            Konstruktor - deserialisiert die Daten für ItemHeader aus einem übergebenen Bytearray.
            </summary>
        </member>
        <member name="T:NetEti.ObjectSerializer.AnonymousDataMemberAttribute">
            <summary>
            AnonymousDataMember oder AnonymousDataMemberAttribute kennzeichnet
            einen DataMember, der als 'object' deklariert wird, der aber zur Laufzeit
            Instanzen verschiedener unbekannter Typen enthalten kann.
            Hier kann nicht direkt über [DataContract] und [DataMember] serialisiert
            werden, sondern es muss eine gesonderte Verarbeitung erfolgen.
            </summary>
        </member>
        <member name="T:NetEti.ObjectSerializer.SerializationUtility">
             <summary>
             Bietet Unterstützung für die Serialisierung und De-Serialisierung von Objekten.
             </summary>
             <remarks>
             Autor: Erik Nagel
            
             15.03.2015 Erik Nagel: erstellt.
             18.06.2023 Erik Nagel: im Zuge der Portierung auf .Net7 musste  dies Library komplett
                        überarbeitet werden:
                        SYSLIB0011 "BinaryFormatter.Serialize(Stream, object)" ist veraltet:
                        "BinaryFormatter serialization is obsolete and should not be used.
                        See https://aka.ms/binaryformatter for more information."
                        Thanks to Brian Sullivan and Dzyann for their help on de-serializing Types:
                        https://stackoverflow.com/questions/12306/can-i-serialize-a-c-sharp-type-object
             31.08.2023 Erik Nagel: Neuen Schalter anonymousToString implementiert.
             25.04.2025 Erik Nagel: Neue Routinen für Json und Xml hinzugefügt; Klasse statisch gemacht.
             </remarks>
        </member>
        <member name="M:NetEti.ObjectSerializer.SerializationUtility.SerializeObjectToBase64String(System.Object,System.Boolean)">
            <summary>
            Serialisiert ein Objekt in einen String mit einem gegebenen Encoding.
            </summary>
            <param name="obj">Das zu serialisierende Objekt.</param>
            <param name="anonymousToString">Bei True werden enthaltene anonyme Datenobjekte
            nur als Strings verschlüsselt; Default: false.</param>
            <returns>Das Objekt als verschlüsselter String.</returns>
        </member>
        <member name="M:NetEti.ObjectSerializer.SerializationUtility.DeserializeObjectFromBase64String(System.String)">
            <summary>
            Deserialisiert eine Byte-Liste in ein entsprechendes Objekt.
            </summary>
            <param name="encoded">Codierter string mit der Repräsentation des Objekts.</param>
            <returns>Das deserialisierte Objekt.</returns>
        </member>
        <member name="M:NetEti.ObjectSerializer.SerializationUtility.SerializeObjectToCodedString(System.Text.Encoding,System.Object,System.Boolean)">
            <summary>
            Serialisiert ein Objekt in einen String mit einem gegebenen Encoding.
            </summary>
            <param name="encoding">Verschlüsselungstyp (System.Text.Encoding).</param>
            <param name="obj">Das zu serialisierende Objekt.</param>
            <param name="anonymousToString">Bei True werden enthaltene anonyme Datenobjekte
            nur als Strings verschlüsselt; Default: false.</param>
            <returns>Das Objekt als verschlüsselter String.</returns>
        </member>
        <member name="M:NetEti.ObjectSerializer.SerializationUtility.DeserializeObjectFromCodedString(System.Text.Encoding,System.String)">
            <summary>
            Deserialisiert eine Byte-Liste in ein entsprechendes Objekt.
            </summary>
            <param name="encoding">Verschlüsselungstyp (System.Text.Encoding).</param>
            <param name="encoded">Codierter string mit der Repräsentation des Objekts.</param>
            <returns>Das deserialisierte Objekt.</returns>
        </member>
        <member name="M:NetEti.ObjectSerializer.SerializationUtility.SerializeObjectToByteList(System.Object,System.Boolean,System.Int32)">
            <summary>
            Serialisiert ein Objekt in eine Byte-Liste.
            </summary>
            <param name="obj">Das zu serialisierende Objekt.</param>
            <param name="anonymousToString">Bei True werden enthaltene anonyme Datenobjekte
            nur als Strings verschlüsselt; Default: false.</param>
            <param name="reku">Nur für internen Gebrauch.</param>
            <returns>Byte-Liste mit den bytes des Objekts.</returns>
        </member>
        <member name="M:NetEti.ObjectSerializer.SerializationUtility.DeserializeObjectFromByteList(System.Collections.Generic.List{System.Byte})">
            <summary>
            Deserialisiert eine Byte-Liste in ein entsprechendes Objekt.
            </summary>
            <param name="serialized">Byte-Liste mit den bytes des Objekts.</param>
            <returns>Das deserialisierte Objekt.</returns>
        </member>
        <member name="M:NetEti.ObjectSerializer.SerializationUtility.DeserializeObjectFromByteList(System.Collections.Generic.List{System.Byte},System.Int32@)">
            <summary>
            Deserialisiert eine Byte-Liste in ein entsprechendes Objekt.
            </summary>
            <param name="serialized">Byte-Liste mit den bytes des Objekts.</param>
            <param name="srcOffset">im laufe der internen Rekursion wandernder Offset.</param>
            <returns>Das deserialisierte Objekt.</returns>
            <exception cref="T:System.ArgumentNullException"></exception>
        </member>
        <member name="M:NetEti.ObjectSerializer.SerializationUtility.DeserializeFromJsonOrXml``1(System.String,System.Boolean)">
            <summary>
            Überträgt einen String, der ein Json- oder Xml-Objekt
            repräsentiert in das entsprechende Objekt.
            </summary>
            <param name="jsonOrXml">Ein String, der ein Json- oder Xml-Objekt repräsentiert.</param>
            <param name="noException">Bei true wird im Fehlerfall keine Exception erzeugt; Default: false.</param>
            <typeparam name="T">Datenklasse des Deserialisierungsobjekts.</typeparam>
            <returns>Eine gefüllte Objekt-Instanz vom Typ T.</returns>
            <exception cref="T:System.ArgumentException">Wird geworfen, wenn der String 'jsonOrXml' kein gültiges unterstütztes Format hat.</exception>
        </member>
        <member name="M:NetEti.ObjectSerializer.SerializationUtility.SerializeToJson``1(``0,System.Boolean)">
            <summary>
            Serialisiert eine Objekt in ein Json-Format.
            </summary>
            <param name="obj">Zu serialisierendes Objekt.</param>
            <param name="includeFields">Bei true werden auch öffentliche Felder ohne Getter und Setter serielisiert; Default: false.</param>
            <typeparam name="T">Datenklasse des Serialisierungsobjekts.</typeparam>
            <returns>String mit dem serialisierten Objekt.</returns>
            <exception cref="T:System.Exception">Mögliche Fehler bei der Serialisierung des Objekts.</exception>
        </member>
        <member name="M:NetEti.ObjectSerializer.SerializationUtility.DeserializeFromJson``1(System.String)">
            <summary>
            Deserialisiert eine Objekt aus einem Json-Format.
            </summary>
            <param name="json">Json-String mit einem serialisierten Objekt.</param>
            <typeparam name="T">Datenklasse des Deserialisierungsobjekts.</typeparam>
            <returns>Aus einem Json-String deserialisiertes Objekt oder null.</returns>
            <exception cref="T:System.Exception">Mögliche Fehler bei der Deserialisierung des Objekts.</exception>
        </member>
        <member name="M:NetEti.ObjectSerializer.SerializationUtility.LoadFromJsonFile``1(System.String)">
            <summary>
            Lädt ein Objekt aus einer Json-Datei.
            </summary>
            <param name="filePath">Pfad zur Json-Datei.</param>
            <typeparam name="T">Datenklasse des Deserialisierungsobjekts.</typeparam>
            <returns>Aus einer Json-Datei geladenes Objekt.</returns>
            <exception cref="T:System.Exception">Mögliche Fehler beim Laden des Objekts aus einer Json-Datei.</exception>
        </member>
        <member name="M:NetEti.ObjectSerializer.SerializationUtility.SaveToJsonFile``1(``0,System.String,System.Boolean)">
            <summary>
            Speichert ein Objekt in eine Json-Datei.
            </summary>
            <param name="obj">Zu speicherndes Objekt.</param>
            <param name="filePath">Pfad zur Json-Datei.</param>
            <param name="includeFields">Bei true werden auch öffentliche Felder ohne Getter und Setter serielisiert; Default: false.</param>
            <typeparam name="T">Datenklasse des Deserialisierungsobjekts.</typeparam>
            <exception cref="T:System.Exception">Mögliche Fehler beim Speichern des Objekts.</exception>
        </member>
        <member name="M:NetEti.ObjectSerializer.SerializationUtility.SerializeToXml``1(``0)">
            <summary>
            Serialisiert ein Objekt in ein XML-Format.
            </summary>
            <param name="obj">Zu serialisierendes Objekt.</param>
            <typeparam name="T">Datenklasse des Serialisierungsobjekts.</typeparam>
            <returns>String mit dem serialisierten Objekt.</returns>
            <exception cref="T:System.Exception">Mögliche Fehler bei der Serialisierung des Objekts.</exception>
        </member>
        <member name="M:NetEti.ObjectSerializer.SerializationUtility.DeserializeFromXml``1(System.String)">
            <summary>
            Deserialisiert ein Objekt aus einem XML-Format.
            </summary>
            <param name="xml">Xml-String mit einem serialisierten Objekt.</param>
            <typeparam name="T">Datenklasse des Deserialisierungsobjekts.</typeparam>
            <returns>Aus einem Xml-String deserialisiertes Objekt oder null.</returns>
            <exception cref="T:System.Exception">Mögliche Fehler bei der Deserialisierung des Objekts.</exception>
        </member>
        <member name="M:NetEti.ObjectSerializer.SerializationUtility.LoadFromXmlFile``1(System.String)">
            <summary>
            Lädt ein Objekt aus einer XML-Datei.
            </summary>
            <param name="filePath">Pfad zur Xml-Datei.</param>
            <typeparam name="T">Datenklasse des Deserialisierungsobjekts.</typeparam>
            <returns>Aus einer Xml-Datei geladenes Objekt.</returns>
            <exception cref="T:System.Exception">Mögliche Fehler beim Laden des Objekts aus einer Xml-Datei.</exception>
        </member>
        <member name="M:NetEti.ObjectSerializer.SerializationUtility.SaveToXmlFile``1(``0,System.String)">
            <summary>
            Speichert ein Objekt in eine Xml-Datei.
            </summary>
            <param name="obj">Zu speicherndes Objekt.</param>
            <param name="filePath">Pfad zur Xml-Datei.</param>
            <typeparam name="T">Datenklasse des Serialisierungsobjekts.</typeparam>
            <exception cref="T:System.Exception">Mögliche Fehler beim Speichern des Objekts.</exception>
        </member>
        <member name="M:NetEti.ObjectSerializer.SerializationUtility.Base64StringToByteArray(System.String)">
            <summary>
            Deserialisiert einen verschlüsselten String in ein Byte-Array.
            </summary>
            <param name="encoded">In einen String Verschlüsseltes Objekt.</param>
            <returns>Der entschlüsselte String als Byte-Array.</returns>
        </member>
        <member name="M:NetEti.ObjectSerializer.SerializationUtility.ByteArrayToBase64String(System.Byte[])">
            <summary>
            Serialisiert ein Byte-Array in einen Base64-verschlüsselten String.
            </summary>
            <param name="byteArray">Das zu verschlüsselnde Byte-Array.</param>
            <returns>Das Byte-Array als Base64 verschlüsselter String.</returns>
        </member>
        <member name="M:NetEti.ObjectSerializer.SerializationUtility.StringToByteArray(System.Text.Encoding,System.String)">
            <summary>
            Deserialisiert einen verschlüsselten String in ein Byte-Array.
            </summary>
            <param name="encoding">Verschlüsselungstyp, z.B. Base64.</param>
            <param name="encoded">In einen String Verschlüsseltes Objekt.</param>
            <returns>Der entschlüsselte String als Byte-Array.</returns>
        </member>
        <member name="M:NetEti.ObjectSerializer.SerializationUtility.ByteArrayToString(System.Text.Encoding,System.Byte[])">
            <summary>
            Serialisiert ein Byte-Array in einen verschlüsselten String.
            </summary>
            <param name="encoding">Verschlüsselungstyp, z.B. UTF8.</param>
            <param name="byteArray">Das zu verschlüsselnde Byte-Array.</param>
            <returns>String mit dem verschlüsselten Byte-Array.</returns>
        </member>
    </members>
</doc>
