<?xml version="1.0"?>
<doc>
    <assembly>
        <name>NetEti.WebAccess</name>
    </assembly>
    <members>
        <member name="T:NetEti.FileTools.WebOperator">
             <summary>
             Stellt Methoden zum Herunterladen von Dateien aus dem Internet bereit.
             </summary>
             <remarks>
             Autor: Erik Nagel
            
             31.12.2024 Erik Nagel: erstellt.
             </remarks>
        </member>
        <member name="M:NetEti.FileTools.WebOperator.Dispose">
            <summary>
            Öffentliche Methode zum Aufräumen.
            </summary>
        </member>
        <member name="M:NetEti.FileTools.WebOperator.Dispose(System.Boolean)">
            <summary>
            Hier wird aufgeräumt.
            </summary>
            <param name="disposing">False, wenn vom eigenen Destruktor auferufen.</param>
        </member>
        <member name="M:NetEti.FileTools.WebOperator.Finalize">
            <summary>
            Finalizer: wird vom GarbageCollector aufgerufen.
            </summary>
        </member>
        <member name="M:NetEti.FileTools.WebOperator.GetAndResetTaskException">
            <summary>
            Gibt die Exception zurück, die beim letzten Task aufgetreten ist oder null.
            </summary>
            <returns></returns>
        </member>
        <member name="M:NetEti.FileTools.WebOperator.DownloadFile(System.String,System.String,System.IProgress{System.Int32})">
            <summary>
            Lädt eine Datei aus dem Internet herunter.
            </summary>
            <param name="url">Die Webadresse.</param>
            <param name="savePath">Das Zielverzeichnis.</param>
            <param name="progress">Eine Variable mit einem Callback, über den der Prozessfortschritt zurückgegeben werden kann.</param>
        </member>
        <member name="M:NetEti.FileTools.WebOperator.DownloadFileAsync(System.String,System.String,System.IProgress{System.Int32})">
            <summary>
            Lädt eine Datei aus dem Internet herunter. Arbeitet asynchron
            </summary>
            <param name="url">Die Webadresse.</param>
            <param name="savePath">Das Zielverzeichnis.</param>
            <param name="progress">Eine Variable mit einem Callback, über den der Prozessfortschritt zurückgegeben werden kann.</param>
            <returns>Die Task-Variable.</returns>
        </member>
    </members>
</doc>
