<?xml version="1.0"?>
<doc>
    <assembly>
        <name>NetEti.SettingsAccess</name>
    </assembly>
    <members>
        <member name="T:NetEti.FileTools.FrameworkConfiguration">
            <summary>
            Datenklasse für die Serialisierung und De-Serialisierung von User-Parametern
            im .Net-Framework Xml-Format (app.config/web.config).
            Hinweise:
             - Berücksichtigt AppSettings und UserSettings;
             - Eine Übersetzung des alten Framework-Xml-Formats in Json ist nicht vorgesehen;
               Stattdessen soll für neuere Versionen (ab .Net-Core) das neue Json-Format
               verwendet werden, welches einfach in ein Dictionary&lt;string, string&gt;
               deserialisiert wird.
            </summary>
            <remarks>
            Autor: Erik Nagel
            06.06.2025 Erik Nagel: erstellt.
            </remarks>
        </member>
        <member name="P:NetEti.FileTools.FrameworkConfiguration.AppSettings">
            <summary>
            Der Serializer versucht, das &lt;appSettings&gt;-Element in diese Eigenschaft zu mappen.
            </summary>
        </member>
        <member name="P:NetEti.FileTools.FrameworkConfiguration.UserSettings">
            <summary>
            Der Serializer versucht, das &lt;userSettings&gt;-Element in diese Eigenschaft zu mappen.
            </summary>
        </member>
        <member name="P:NetEti.FileTools.FrameworkConfiguration.ConfigAppSettings">
            <summary>
            Diese Eigenschaft wird bei der Serialisierung ignoriert.
            Sie dient als bequemer, einheitlicher Zugriffspunkt auf die Einstellungen,
            egal welcher Knotenname in der XML verwendet wurde.
            Der Null-Coalescing-Operator (??) gibt den ersten Wert zurück, der nicht null ist.
            </summary>
        </member>
        <member name="T:NetEti.FileTools.FrameworkConfigAppSettings">
            <summary>
            Container für eine Liste von AppSettings.
            </summary>
        </member>
        <member name="P:NetEti.FileTools.FrameworkConfigAppSettings.Add">
            <summary>
            Liste von AppSettings-Einträgen, die hinzugefügt werden sollen.
            </summary>
        </member>
        <member name="T:NetEti.FileTools.FrameworkConfigAppSettingEntry">
            <summary>
            Repräsentiert einen einzelnen Eintrag in den AppSettings.
            </summary>
        </member>
        <member name="P:NetEti.FileTools.FrameworkConfigAppSettingEntry.Key">
            <summary>
            Der Schlüssel des AppSettings-Eintrags.
            </summary>
        </member>
        <member name="P:NetEti.FileTools.FrameworkConfigAppSettingEntry.Value">
            <summary>
            Der Wert des AppSettings-Eintrags.
            </summary>
        </member>
        <member name="T:NetEti.ApplicationEnvironment.SettingsAccess">
             <summary>
             Zugriffe auf die über das .Net-Framework verwalteten AppSettings<br></br>
                       Implementiert IGetStringValue.
             </summary>
             <remarks>
             File: SettingsAccess.cs<br></br>
             Autor: Erik Nagel, NetEti<br></br>
            <br></br>
             13.03.2012 Erik Nagel: erstellt<br></br>
             </remarks>
        </member>
        <member name="P:NetEti.ApplicationEnvironment.SettingsAccess.Settings">
            <summary>
            Enthält alle aus der XmlDatei eingelesenen (Anwendungs-)Einstellungen.
            </summary>
        </member>
        <member name="M:NetEti.ApplicationEnvironment.SettingsAccess.GetStringValue(System.String,System.String)">
            <summary>
            Liefert genau einen Wert zu einem Key. Wenn es keinen Wert zu dem
            Key gibt, wird defaultValue zurückgegeben.
            </summary>
            <param name="key">Der Zugriffsschlüssel (string)</param>
            <param name="defaultValue">Das default-Ergebnis (string)</param>
            <returns>Der Ergebnis-String</returns>
        </member>
        <member name="M:NetEti.ApplicationEnvironment.SettingsAccess.GetStringValues(System.String,System.String[])">
            <summary>
            Liefert ein string-Array zu einem Key. Wenn es keinen Wert zu dem
            Key gibt, wird defaultValue zurückgegeben.
            Liefert nur einen Einzelwert als Array verpackt, muss ggf. spaeter
            erweitert werden.
            </summary>
            <param name="key">Der Zugriffsschlüssel (string)</param>
            <param name="defaultValues">Das default-Ergebnis (string[])</param>
            <returns>Das Ergebnis-String-Array</returns>
        </member>
        <member name="P:NetEti.ApplicationEnvironment.SettingsAccess.Description">
            <summary>
            Liefert einen beschreibenden Namen dieses StringValueGetters,
            z.B. Name plus ggf. Quellpfad.
            </summary>
        </member>
        <member name="M:NetEti.ApplicationEnvironment.SettingsAccess.#ctor">
            <summary>
            Konstruktor - setzt den internen Reader
            </summary>
        </member>
    </members>
</doc>
