<?xml version="1.0"?>
<doc>
    <assembly>
        <name>NetEti.UserSettingsAccess</name>
    </assembly>
    <members>
        <member name="T:NetEti.ApplicationEnvironment.FrameworkConfiguration">
            <summary>
            Datenklasse für die Serialisierung und De-Serialisierung von User-Parametern
            im .Net-Framework Xml-Format (app.config/web.config).
            Hinweise:
             - Berücksichtigt AppSettings und UserSettings;
             - Eine Übersetzung des alten Framework-Xml-Formats in Json ist nicht vorgesehen;
               Stattdessen soll für neuere Versionen (ab .Net-Core) das neue Json-Format
               verwendet werden, welches einfach in ein Dictionary&lt;string, string&gt;
               deserialisiert wird.
            </summary>
            <remarks>
            Autor: Erik Nagel
            06.06.2025 Erik Nagel: erstellt.
            </remarks>
        </member>
        <member name="P:NetEti.ApplicationEnvironment.FrameworkConfiguration.AppSettings">
            <summary>
            Der Serializer versucht, das &lt;appSettings&gt;-Element in diese Eigenschaft zu mappen.
            </summary>
        </member>
        <member name="P:NetEti.ApplicationEnvironment.FrameworkConfiguration.UserSettings">
            <summary>
            Der Serializer versucht, das &lt;userSettings&gt;-Element in diese Eigenschaft zu mappen.
            </summary>
        </member>
        <member name="P:NetEti.ApplicationEnvironment.FrameworkConfiguration.ConfigAppSettings">
            <summary>
            Diese Eigenschaft wird bei der Serialisierung ignoriert.
            Sie dient als bequemer, einheitlicher Zugriffspunkt auf die Einstellungen,
            egal welcher Knotenname in der XML verwendet wurde.
            Der Null-Coalescing-Operator (??) gibt den ersten Wert zurück, der nicht null ist.
            </summary>
        </member>
        <member name="T:NetEti.ApplicationEnvironment.FrameworkConfigAppSettings">
            <summary>
            Container für eine Liste von AppSettings.
            </summary>
        </member>
        <member name="P:NetEti.ApplicationEnvironment.FrameworkConfigAppSettings.Add">
            <summary>
            Liste von AppSettings-Einträgen, die hinzugefügt werden sollen.
            </summary>
        </member>
        <member name="T:NetEti.ApplicationEnvironment.FrameworkConfigAppSettingEntry">
            <summary>
            Repräsentiert einen einzelnen Eintrag in den AppSettings.
            </summary>
        </member>
        <member name="P:NetEti.ApplicationEnvironment.FrameworkConfigAppSettingEntry.Key">
            <summary>
            Der Schlüssel des AppSettings-Eintrags.
            </summary>
        </member>
        <member name="P:NetEti.ApplicationEnvironment.FrameworkConfigAppSettingEntry.Value">
            <summary>
            Der Wert des AppSettings-Eintrags.
            </summary>
        </member>
        <member name="T:NetEti.ApplicationEnvironment.UserSettingsAccess">
            <summary>
            Liest Dateien mit User-Konfigurationsparametern
            im Xml- oder Json-Format (z.B. Vishnu.exe.config.user).
            </summary>
            <remarks>
            File: UserSettingsAccess.cs
            Autor: Erik Nagel, NetEti
            
            05.06.2025 Erik Nagel: erstellt
            </remarks>
        </member>
        <member name="P:NetEti.ApplicationEnvironment.UserSettingsAccess.Settings">
            <summary>
            Enthält alle aus der Userparameter-Datei eingelesenen (Anwendungs-)Einstellungen.
            </summary>
        </member>
        <member name="M:NetEti.ApplicationEnvironment.UserSettingsAccess.GetStringValue(System.String,System.String)">
            <summary>
            Liefert genau einen Wert zu einem Key. Wenn es keinen Wert zu dem
            Key gibt, wird defaultValue zurückgegeben.
            </summary>
            <param name="key">Der Zugriffsschlüssel (string)</param>
            <param name="defaultValue">Das default-Ergebnis (string)</param>
            <returns>Der Ergebnis-String</returns>
        </member>
        <member name="M:NetEti.ApplicationEnvironment.UserSettingsAccess.GetStringValues(System.String,System.String[])">
            <summary>
            Liefert ein string-Array zu einem Key. Wenn es keinen Wert zu dem
            Key gibt, wird defaultValue zurückgegeben.
            </summary>
            <param name="key">Der Zugriffsschlüssel (string)</param>
            <param name="defaultValues">Das default-Ergebnis (string[])</param>
            <returns>Das Ergebnis-String-Array</returns>
        </member>
        <member name="P:NetEti.ApplicationEnvironment.UserSettingsAccess.Description">
            <summary>
            Liefert einen beschreibenden Namen dieses StringValueGetters,
            z.B. Name plus ggf. Quellpfad.
            </summary>
        </member>
        <member name="M:NetEti.ApplicationEnvironment.UserSettingsAccess.#ctor(System.String)">
            <summary>
            Liest die ganze Datei in den Speicher.
            </summary>
            <param name="documentPathName">Pfad und Name der Userparameter-Datei</param>
            <exception cref="T:System.Exception">Bei fehlerhaftem Document.</exception>
            <exception cref="T:System.ArgumentException">Bei Übergabe eines illegalen Pfadnamens.</exception>
            <exception cref="T:System.UnauthorizedAccessException">Unerlaubter Zugriff.</exception>
            <exception cref="T:System.Security.SecurityException">Unerlaubter Zugriff.</exception>
        </member>
    </members>
</doc>
