<?xml version="1.0"?>
<doc>
    <assembly>
        <name>NetEti.EnvAccess</name>
    </assembly>
    <members>
        <member name="T:NetEti.ApplicationEnvironment.ClickOnceInfo">
            <summary>
            This is a partial replacement for ApplicationDeployment which is not available in .NET 6
            We use a custom Launcher.exe which will set various "CLICKONCE_*" local environment variables
            Thanks to Simon Hewitt (simmotech) for this helpful workaround.
            https://github.com/simmotech/Net6ClickOnce
            Wichtig: Das ganze funktioniert nur, wenn die App über die modifizierte "launcher.exe"
            aus dem Projekt ...Net6ClickOnce-master\ClickOnceLauncher gestartet wird.
            Ansonsten werden die zusätzlichen Environment-Variablen nicht gesetzt und Defauts zurückgegeben.
            </summary>
            <remarks>
            23.02.2023 Erik Nagel: übernommen.
            </remarks>
        </member>
        <member name="M:NetEti.ApplicationEnvironment.ClickOnceInfo.#ctor">
            <summary>
            Standard-Konstruktor - füllt Properties aus dem (von Launcher.exe modifizierten) Environment.
            </summary>
        </member>
        <member name="P:NetEti.ApplicationEnvironment.ClickOnceInfo.BaseDirectory">
            <summary>
            Das Verzeichnis, in dem die Applikation gestartet wurde als absoluter Pfad.
            </summary>
        </member>
        <member name="P:NetEti.ApplicationEnvironment.ClickOnceInfo.TargetFrameworkName">
            <summary>
            RuntimeInformation.FrameworkDescription.
            </summary>
        </member>
        <member name="P:NetEti.ApplicationEnvironment.ClickOnceInfo.IsNetworkDeployed">
            <summary>
            True, wenn die Anwendung per ClickOnce installiert wurde.
            </summary>
        </member>
        <member name="P:NetEti.ApplicationEnvironment.ClickOnceInfo.CurrentVersion">
            <summary>
            Die aktuelle ProgrammVersion = Application.ProductVersion
            </summary>
        </member>
        <member name="P:NetEti.ApplicationEnvironment.ClickOnceInfo.UpdatedVersion">
            <summary>
            Die neue ProgrammVersion.
            </summary>
        </member>
        <member name="P:NetEti.ApplicationEnvironment.ClickOnceInfo.UpdateLocation">
            <summary>
            Die Update-Url für das Programm.
            </summary>
        </member>
        <member name="P:NetEti.ApplicationEnvironment.ClickOnceInfo.UpdatedApplicationFullName">
            <summary>
            Qualifizierter Name der aktualisierten Applikation.
            </summary>
        </member>
        <member name="P:NetEti.ApplicationEnvironment.ClickOnceInfo.TimeOfLastUpdateCheck">
            <summary>
            Zeitpunkt der letzten Update-Prüfung.
            </summary>
        </member>
        <member name="P:NetEti.ApplicationEnvironment.ClickOnceInfo.ActivationUri">
            <summary>
            Url für die Aktivierung.
            </summary>
        </member>
        <member name="P:NetEti.ApplicationEnvironment.ClickOnceInfo.DataDirectory">
            <summary>
            Verzeichnis, in dem die Installationsdaten bei einer
            ClickOnce-Installation (EnvAccess:ISNETWORKDEPLOYED = true) liegen.
            </summary>
        </member>
        <member name="P:NetEti.ApplicationEnvironment.ClickOnceInfo.ActivationData">
            <summary>
            Ersetzt die Kommandozeilen-Argumente.
            </summary>
        </member>
        <member name="P:NetEti.ApplicationEnvironment.ClickOnceInfo.ApplicationName">
            <summary>
            Application.ProductName
            </summary>
        </member>
        <member name="M:NetEti.ApplicationEnvironment.ClickOnceInfo.GetLatestVersionInfo">
            <summary>
            Holt vom remote Server die neueste Versionsinformation.
            </summary>
            <returns>Task&lt;ClickOnceUpdateInfo&gt;</returns>
        </member>
        <member name="T:NetEti.ApplicationEnvironment.ClickOnceUpdateInfo">
            <summary>
            Klasse mit ClickOnce-Updateinformationen.
            </summary>
        </member>
        <member name="P:NetEti.ApplicationEnvironment.ClickOnceUpdateInfo.CurrentVersion">
            <summary>
            aktuell installierte Version.
            </summary>
        </member>
        <member name="P:NetEti.ApplicationEnvironment.ClickOnceUpdateInfo.LatestVersion">
            <summary>
            Neueste verfügbare Version.
            </summary>
        </member>
        <member name="P:NetEti.ApplicationEnvironment.ClickOnceUpdateInfo.MinimumVersion">
            <summary>
            Geforderte Mindestversion.
            </summary>
        </member>
        <member name="P:NetEti.ApplicationEnvironment.ClickOnceUpdateInfo.IsUpdateAvailable">
            <summary>
            True, wenn ein Update bereitsteht.
            </summary>
        </member>
        <member name="P:NetEti.ApplicationEnvironment.ClickOnceUpdateInfo.IsMandatoryUpdate">
            <summary>
            True, wenn ein Update bereitsteht und zwingend erforderlich ist.
            </summary>
        </member>
        <member name="T:NetEti.ApplicationEnvironment.ClickOnceDeploymentException">
            <summary>
            Spezieller Exception-Typ für ClickOnce-Exceptions.
            </summary>
        </member>
        <member name="M:NetEti.ApplicationEnvironment.ClickOnceDeploymentException.#ctor(System.String)">
            <summary>
            Konstruktor - übernimmt einen Meldungstext.
            </summary>
            <param name="message">Ein Meldungstext für die Exception.</param>
        </member>
        <member name="T:NetEti.ApplicationEnvironment.EnvAccess">
             <summary>
             Zugriffe auf das Environment und auf einige Application-Properties.<br></br>
                       Implementiert IGetStringValue.
             </summary>
             <remarks>
             File: EnvAccess.cs<br></br>
             Autor: Erik Nagel, NetEti<br></br>
            <br></br>
             08.03.2012 Erik Nagel: erstellt
             01.05.2020 Erik Nagel: auf DotNet Core 3.0 Verträglichkeit angepasst:
             Zugriffe nicht mehr über System.IO und System.Windows.Forms.Application, sondern über
             System.Reflection.Assembly.GetEntryAssembly().
             </remarks>
        </member>
        <member name="P:NetEti.ApplicationEnvironment.EnvAccess.ActivationData">
            <summary>
            Umstellung auf .net standard 2.0.
            Ersetzt die Kommandozeilen-Argumente für ClickOnce-Installationen unter .net standard 2.0.
            </summary>
        </member>
        <member name="M:NetEti.ApplicationEnvironment.EnvAccess.GetStringValue(System.String,System.String)">
            <summary>
            Liefert genau einen Wert zu einem Key. Wenn es keinen Wert zu dem
            Key gibt, wird defaultValue zurückgegeben.
            </summary>
            <param name="key">Der Zugriffsschlüssel (string)</param>
            <param name="defaultValue">Das default-Ergebnis (string)</param>
            <returns>Der Ergebnis-String</returns>
        </member>
        <member name="M:NetEti.ApplicationEnvironment.EnvAccess.GetStringValues(System.String,System.String[])">
            <summary>
            Liefert ein string-Array zu einem Key. Wenn es keinen Wert zu dem
            Key gibt, wird defaultValue zurückgegeben.
            </summary>
            <param name="key">Der Zugriffsschlüssel (string)</param>
            <param name="defaultValues">Das default-Ergebnis (string[])</param>
            <returns>Das Ergebnis-String-Array</returns>
        </member>
        <member name="P:NetEti.ApplicationEnvironment.EnvAccess.Description">
            <summary>
            Liefert einen beschreibenden Namen dieses StringValueGetters,
            z.B. Name plus ggf. Quellpfad.
            </summary>
        </member>
        <member name="M:NetEti.ApplicationEnvironment.EnvAccess.#ctor">
            <summary>
            Standard-Konstruktor.
            </summary>
        </member>
        <member name="M:NetEti.ApplicationEnvironment.EnvAccess.getFrameworkVersionMajor">
            <summary>
            Ermittelt die höchste installierte Version des .Net-Frameworks.
            </summary>
            <returns>Die höchste installierte Major-Version des .Net-Frameworks als Integer</returns>
        </member>
        <member name="M:NetEti.ApplicationEnvironment.EnvAccess.IsFrameworkAssembly">
            <summary>
            Liefert true, wenn das Programm ein .Net-Framework-Programm ist.
            </summary>
            <returns>True, wenn das Programm ein .Net-Framework-Programm ist</returns>
        </member>
    </members>
</doc>
