<?xml version="1.0"?>
<doc>
    <assembly>
        <name>Vishnu</name>
    </assembly>
    <members>
        <member name="T:Vishnu.App">
             <summary>
             Hauptklasse für den Start der WPF-Anwendung.
             Enthält die statische "Main"-Methode.
             App.cs ersetzt App.xaml und App.xaml.cs einer klassischen WPF-Anwendung.
             </summary>
             <remarks>
            
             04.03.2013 Erik Nagel: erstellt.
             14.12.2013 Erik Nagel: Erfolgreicher Memorycheck (memory.txt). 
             14.07.2016 Erik Nagel: Der Pfad "DebugFile" kann jetzt in Vishnu.exe.config.user überschrieben werden. 
             28.10.2017 Erik Nagel: Implementierung von IsSingleInstance, 
                        von App.xaml.cs in App.cs umbenannt und App.xaml rausgeschmissen.
             23.06.2019 Erik Nagel: Aufräumen aus OnProcessExit in mainWindow_Closed und
                        AppDomain.CurrentDomain.UnhandledException gezogen, da OnProcessExit
                        u.U. nicht mehr ganz durchlaufen wird, sondern z.B. bei Close des MainWindows über "X"
                        rechts oben abrupt abbricht.
             02.03.2024 Erik Nagel: Komplett Überarbeitet und auf Mutex umgestellt, da das Aktivieren einer schon
                        laufenden Vishnu.Instanz ab .Net 6.0 (eventuell schon früher) nicht mehr funktionierte.
                        Dabei die Referenzen auf Microsoft.VisualBasic wieder entfernt und künstliches Beenden
                        der Anwendung im Fehlerfall über Environment.Exit(-1) rausgeschmissen.
                        Außerdem wurde weitestgehend auf statische Routinen umgestellt.
                        Die Startsequenz wurde dabei erheblich gestrafft und deutlich übersichtlicher.
             </remarks>
        </member>
        <member name="M:Vishnu.App.Main(System.String[])">
            <summary>
            Statischer Entry-Point - hier startet die Anwendung.
            </summary>
            <param name="args">Kommandozeilen-Argumente.</param>
        </member>
        <member name="M:Vishnu.App.OnStartup(System.Windows.StartupEventArgs)">
            <summary>
            Dieses Event wird durch app.Run() getriggert.
            </summary>
            <param name="e">Eventparameter.</param>
        </member>
        <member name="M:Vishnu.App.InitializeComponent">
            <summary>
            InitializeComponent
            </summary>
        </member>
        <member name="M:Vishnu.App.SetAddRemoveProgramsIcon">
            <summary>
            Setzt das Icon in add/remove programs für Vishnu
            </summary>
        </member>
    </members>
</doc>
