<?xml version="1.0"?>
<doc>
    <assembly>
        <name>UserChecker</name>
    </assembly>
    <members>
        <member name="T:UserChecker.UserChecker">
             <summary>
             DemoChecker-Projekt für Vishnu.
             Die UserChecker.dll kann später in einer Vishnu-JobDescription.xml referenziert werden
             und von Vishnu bei der Ausführung des Jobs aus dem Plugin-Unterverzeichnis oder
             einem konfigurierten UserAssemblyDirectory dynamisch geladen werden.
             Vishnu ruft dann je nach weiteren Konfigurationen (Trigger) die öffentliche
             Methode"Run" des UserCheckers auf.
             TODO: ersetzen Sie diesen Kommentar durch Ihren eigenen Kommentar.
             </summary>
             <remarks>
             Autor: Erik Nagel
            
             30.01.2020 Erik Nagel: erstellt
             </remarks>
        </member>
        <member name="E:UserChecker.UserChecker.NodeProgressChanged">
            <summary>
            Kann aufgerufen werden, wenn sich der Verarbeitungs-Fortschritt
            des Checkers geändert hat, muss aber zumindest aber einmal zum
            Schluss der Verarbeitung aufgerufen werden.
            </summary>
        </member>
        <member name="P:UserChecker.UserChecker.ReturnObject">
            <summary>
            Rückgabe-Objekt des Checkers
            </summary>
        </member>
        <member name="M:UserChecker.UserChecker.Run(System.Object,Vishnu.Interchange.TreeParameters,Vishnu.Interchange.TreeEvent)">
            <summary>
            Hier wird der Arbeitsprozess ausgeführt (oder beobachtet).
            </summary>
            <param name="checkerParameters">Ihre Aufrufparameter aus der JobDescription.xml oder null.</param>
            <param name="treeParameters">Für den gesamten Tree gültige Parameter oder null (z.Zt. unbenutzt).</param>
            <param name="source">Auslösendes TreeEvent (kann null sein).</param>
            <returns>True, False oder null</returns>
        </member>
    </members>
</doc>
