﻿<?xml version="1.0" encoding="utf-8"?>
<JobDescription>
  <LogicalName>CheckServers</LogicalName>
  <LogicalExpression>
    <![CDATA[(Google AND Heise) & (Local OR Local_Backup)]]>
  </LogicalExpression>
  <SingleNodeUserControlPath>Plugin\SingleNodeUserControl_CheckServer.dll</SingleNodeUserControlPath>
  <Loggers type="array">
    <Logger>
      <LogicalName>FirstNamedLogger</LogicalName>
      <PhysicalPath>TextFileLogger.dll</PhysicalPath>
      <Parameters>Exception|LogicalResultChanged</Parameters>
    </Logger>
  </Loggers>
  <Checkers type="array">
    <Checker>
      <LogicalName>Google</LogicalName>
      <PhysicalPath>Plugin\CheckServer.dll</PhysicalPath>
      <Parameters>8.8.8.8|200|3</Parameters>
      <Trigger>
        <PhysicalPath>TimerTrigger.dll</PhysicalPath>
        <Parameters>S:1|S:20</Parameters>
      </Trigger>
      <Logger>
        <Reference>FirstNamedLogger</Reference>
      </Logger>
    </Checker>
    <Checker>
      <LogicalName>Heise</LogicalName>
      <PhysicalPath>Plugin\CheckServer.dll</PhysicalPath>
      <Parameters>www.heise.de|200|3</Parameters>
      <Trigger>
        <PhysicalPath>TimerTrigger.dll</PhysicalPath>
        <Parameters>S:3|S:20</Parameters>
      </Trigger>
      <Logger>
        <Reference>FirstNamedLogger</Reference>
      </Logger>
    </Checker>
    <Checker>
      <LogicalName>Local</LogicalName>
      <PhysicalPath>Plugin\CheckServer.dll</PhysicalPath>
      <Parameters>Localhost|1000|3</Parameters>
      <Trigger>
        <PhysicalPath>TimerTrigger.dll</PhysicalPath>
        <Parameters>S:20|S:300</Parameters>
      </Trigger>
      <Logger>
        <Reference>FirstNamedLogger</Reference>
      </Logger>
    </Checker>
    <Checker>
      <LogicalName>Local_Backup</LogicalName>
      <PhysicalPath>Plugin\CheckServer.dll</PhysicalPath>
      <Parameters>9.8.7.6|200|3</Parameters>
      <Trigger>
        <PhysicalPath>TimerTrigger.dll</PhysicalPath>
        <Parameters>S:2|S:20</Parameters>
      </Trigger>
      <Logger>
        <Reference>FirstNamedLogger</Reference>
      </Logger>
    </Checker>
  </Checkers>
  <Workers type="array">
    <Worker>
      <LogicalExpression>CheckServers:Exception</LogicalExpression>
      <SubWorkers type="array">
        <SubWorker>
          <PhysicalPath>VishnuMessageBox.exe</PhysicalPath>
          <Parameters>-Message="%Timestamp%: CheckServers %Event% von %Source% in %Sender%#%Exception%" -Caption="Server Fehler" -MessageNewLine=#</Parameters>
          <!-- Trigger>
            <LogicalName></LogicalName>
            <PhysicalPath>TimerTrigger.dll</PhysicalPath>
            <Parameters>S:8|S:1</Parameters>
          </Trigger -->
        </SubWorker>
        <SubWorker>
          <PhysicalPath>MicroMailer.exe</PhysicalPath>
          <Parameters>
            <![CDATA[Server Fehler|%Timestamp%: CheckServers %Event% von %Source% in %Sender%#%Exception%|localMailserver|Vishnu@reallyhuman.net|e.nagel@neteti.de]]>
          </Parameters>
          <!-- Trigger>
            <LogicalName></LogicalName>
            <PhysicalPath>TimerTrigger.dll</PhysicalPath>
            <Parameters>S:8|S:1</Parameters>
          </Trigger -->
        </SubWorker>
      </SubWorkers>
    </Worker>
    <Worker>
      <LogicalExpression>Google:False</LogicalExpression>
      <SubWorkers type="array">
        <SubWorker>
          <PhysicalPath>VishnuMessageBox.exe</PhysicalPath>
          <Parameters>-Message="%Timestamp%: Der Server Google ist nicht erreichbar!" -Caption="Server Fehler"</Parameters>
        </SubWorker>
      </SubWorkers>
    </Worker>
    <Worker>
      <LogicalExpression>Nobody:False</LogicalExpression>
      <SubWorkers type="array">
        <SubWorker>
          <PhysicalPath>VishnuMessageBox.exe</PhysicalPath>
          <Parameters>-Message="Timestamp%: Der Server Nobody ist nicht erreichbar!" -Caption="Server Fehler"</Parameters>
        </SubWorker>
      </SubWorkers>
    </Worker>
    <Worker>
      <LogicalExpression>Heise:False</LogicalExpression>
      <SubWorkers type="array">
        <SubWorker>
          <PhysicalPath>VishnuMessageBox.exe</PhysicalPath>
          <Parameters>-Message="%Timestamp%: Der Server Heise ist nicht erreichbar!" -Caption="Server Fehler"</Parameters>
        </SubWorker>
      </SubWorkers>
    </Worker>
    <Worker>
      <LogicalExpression>Local:False</LogicalExpression>
      <SubWorkers type="array">
        <SubWorker>
          <PhysicalPath>VishnuMessageBox.exe</PhysicalPath>
          <Parameters>-Message="%Timestamp%: Der Server Local ist nicht erreichbar!" -Caption="Server Fehler"</Parameters>
        </SubWorker>
      </SubWorkers>
    </Worker>
  </Workers>
  <JobLogger>
    <Reference>FirstNamedLogger</Reference>
  </JobLogger>
</JobDescription>
