<?xml version="1.0"?>
<doc>
    <assembly>
        <name>ConsoleLogger</name>
    </assembly>
    <members>
        <member name="T:ConsoleLogger.ConsoleLogger">
             <summary>
             Gibt Informationen aus Vishnu auf der Kommandozeile aus.
             </summary>
             <remarks>
             File: ConsoleLogger.cs
             Autor: Erik Nagel
            
             26.07.2013 Erik Nagel: Erstellt.
             03.07.2021 Erik Nagel: Überarbeitet.
             </remarks>
        </member>
        <member name="M:ConsoleLogger.ConsoleLogger.Log(System.Object,Vishnu.Interchange.TreeParameters,Vishnu.Interchange.TreeEvent,System.Object)">
            <summary>
            Übernahme von diversen Logging-Informationen.
            </summary>
            <param name="loggerParameters">Spezifische Aufrufparameter oder null.</param>
            <param name="treeParameters">Für den gesamten Tree gültige Parameter oder null.</param>
            <param name="treeEvent">Objekt mit Informationen über das Ereignis.</param>
            <param name="additionalEventArgs">Enthält z.B. beim Event 'Exception' die zugehörige Exception.</param>
        </member>
    </members>
</doc>
