<?xml version="1.0"?>
<doc>
    <assembly>
        <name>Escalator</name>
    </assembly>
    <members>
        <member name="T:Escalator.Program">
             <summary>
             Ruft weitere Worker (EXE) mit Kommandozeilen-Parametern auf.
             Berücksichtigt je nach Aufruf-Zähler unterschiedliche Worker
             (Eskalationsstufen), z.B. ConsoleMessageBox, MicroMailer, ...
             </summary>
             <remarks>
             File: Program.cs
             Autor: Erik Nagel
            
             16.04.2016 Erik Nagel: Erstellt.
             03.07.2021 Erik Nagel: Parameter "#quiet#" implementiert.
             04.08.2023 Erik Nagel: Im Zuge der Migration auf .Net 7 komplett überarbeitet.
             26.04.2025 Erik Nagel: Unterstützung für Json implementiert.
             </remarks>
        </member>
        <member name="M:Escalator.Program.Main(System.String[])">
            <summary>
            Haupteinstiegspunkt der Anwendung.
            </summary>
        </member>
        <member name="M:Escalator.Program.ExecuteWorker(System.String,System.Int32,System.String,System.String,System.String,System.String)">
            <summary>
            Hier wird der externe Arbeitsprozess ausgeführt.
            In den TreeParameters oder SlaveParameters (beim Konstruktor übergeben)
            enthaltene Pipes ('|') werden beim Aufruf des Workers als Leerzeichen zwischen
            mehreren Kommandozeilenparametern interpretiert.
            </summary>
            <param name="workerPath">Dateipfad der auszuführenden Exe.</param>
            <param name="escalationCounter">Aufrufzähler (1 bis n oder -n bis -1).
            Bei negativem Wert wird der Worker resettet (Fehler behoben).</param>
            <param name="treeInfo">Für den gesamten Tree gültige Parameter oder null.</param>
            <param name="nodeInfo">Id des Knotens, der diesen Worker besitzt.</param>
            <param name="position">Position des übergeordneten Controls.</param>
            <param name="parameters">String mit Übergabeparametern für den Worker oder null.</param>
        </member>
        <member name="T:Escalator.StructuredParameters">
            <summary>
            Klasse, die einen strukturierten Parameter für den Escalator repräsentiert.
            Wird beim Aufruf durch Vishnu in einer externen Xml- oder Json-Datei gespeichert.
            </summary>
        </member>
        <member name="P:Escalator.StructuredParameters.SubWorkers">
            <summary>
            Liste von SubWorkern des aktuellen Workers.
            </summary>
        </member>
        <member name="M:Escalator.StructuredParameters.#ctor">
            <summary>
            Standard Konstruktor.
            </summary>
        </member>
        <member name="T:Escalator.SubWorkersContainer">
            <summary>
            Enthält eine Liste von SubWorkern des aktuellen Workers.
            </summary>
        </member>
        <member name="P:Escalator.SubWorkersContainer.SubWorkersList">
            <summary>
            Die eigentliche Liste.
            </summary>
        </member>
        <member name="M:Escalator.SubWorkersContainer.#ctor">
            <summary>
            Konstruktor - initialisiert die Liste.
            </summary>
        </member>
        <member name="T:Escalator.SubWorker">
            <summary>
            Kapselt einen SubWorker für einen Worker.
            </summary>
        </member>
        <member name="P:Escalator.SubWorker.RunCounter">
            <summary>
            Der spezifische Schweregrad, ab dem die SubWorker-Dll auslöst.
            </summary>
        </member>
        <member name="P:Escalator.SubWorker.PhysicalPath">
            <summary>
            Der physiche Path zur SubWorker-Dll.
            </summary>
        </member>
        <member name="P:Escalator.SubWorker.Parameters">
            <summary>
            Optionale SubWorker-Parameter.
            </summary>
        </member>
    </members>
</doc>
