<?xml version="1.0"?>
<doc>
    <assembly>
        <name>MicroMailer</name>
    </assembly>
    <members>
        <member name="T:NetEti.Communication.MicroMailer">
             <summary>
             Exe für den E-Mail-Versand.
             Achtung: Demo-Programm, muss für produktiven Gebrauch angepasst werden;
             Mail-Server, Port und Passwort werden hier im Klartext übergeben.
             </summary>
             <remarks>
             File: MicroMailer.cs
             Autor: Erik Nagel, NetEti
            
             21.06.2015 Erik Nagel, NetEti: erstellt
             21.04.2023 Erik Nagel: für .Net 7.0 komplett überarbeitet.
             10.08.2023 Erik Nagel: Auf benannte Parameter umgestellt.
                                    Dadurch wird eine erweiterte Parameterersetzung ermöglicht.
             </remarks>
        </member>
        <member name="M:NetEti.Communication.MicroMailer.Main(System.String[])">
            <summary>
            Haupt-Einstiegspunkt für die Anwendung.
            </summary>
            <param name="args">
            Hinweis: die "args" werden hier nicht direkt eingelesen, sondern in der Routine
                         "EvaluateParametersOrDie" über "CommandLineAccess" ausgewertet.
            "Vishnu-Counter" "Vishnu-TreeParameters" "Vishnu-NodeId"
            "Betreff" "Meldungstext" "Mailserver:[Port]:[Passwort]" "Absender" "Empfänger mit Semikolon getrennt" ["Anhang" ...].
            Wichtig: die ersten drei Parameter werden im Vishnu-Betrieb von Vishnu generiert und werden in einer JobDescription.xml nicht aufgeführt;
            für den Test des MicroMailers müssen sie in den Debug-Parametern allerdings übergeben werden.
            </param>
        </member>
    </members>
</doc>
