<?xml version="1.0"?>
<doc>
    <assembly>
        <name>VishnuMessageBox</name>
    </assembly>
    <members>
        <member name="T:VishnuMessageBox.App">
            <summary>
            Interaction logic for App.xaml
            </summary>
            <summary>
            App
            </summary>
        </member>
        <member name="F:VishnuMessageBox.App.DEFAULTMAXWIDTH">
            <summary>
            Wenn keine Zeilenumbrüche mitgegeben werden, wird als Maximalbreite
            für das Meldungsfenster DEFAULTMAXWIDTH Pixel angesetzt.
            </summary>
        </member>
        <member name="M:VishnuMessageBox.App.OnStartup(System.Windows.StartupEventArgs)">
            <summary>
            Wird beim Start der Anwendung durchlaufen.
            </summary>
            <param name="e"></param>
        </member>
        <member name="M:VishnuMessageBox.App.Main">
            <summary>
            Application Entry Point.
            </summary>
        </member>
    </members>
</doc>
