<?xml version="1.0"?>
<doc>
    <assembly>
        <name>VishnuHelpBrowser</name>
    </assembly>
    <members>
        <member name="M:NetEti.CustomControls.Program.Main(System.String[])">
            <summary>
             The main entry point for the application.
            </summary>
            <param name="args">
            Hinweis: die "args" werden hier nicht direkt eingelesen, sondern in "CommandLineAccess" ausgewertet.
            "WebUrl": eine Webadresse für die darzustellenden Hilfeseiten oder null.
            </param>
        </member>
        <member name="T:NetEti.CustomControls.Properties.Resources">
            <summary>
              Eine stark typisierte Ressourcenklasse zum Suchen von lokalisierten Zeichenfolgen usw.
            </summary>
        </member>
        <member name="P:NetEti.CustomControls.Properties.Resources.ResourceManager">
            <summary>
              Gibt die zwischengespeicherte ResourceManager-Instanz zurück, die von dieser Klasse verwendet wird.
            </summary>
        </member>
        <member name="P:NetEti.CustomControls.Properties.Resources.Culture">
            <summary>
              Überschreibt die CurrentUICulture-Eigenschaft des aktuellen Threads für alle
              Ressourcenzuordnungen, die diese stark typisierte Ressourcenklasse verwenden.
            </summary>
        </member>
        <member name="P:NetEti.CustomControls.Properties.Resources.back_disabled">
            <summary>
              Sucht eine lokalisierte Ressource vom Typ System.Drawing.Bitmap.
            </summary>
        </member>
        <member name="P:NetEti.CustomControls.Properties.Resources.back_enabled">
            <summary>
              Sucht eine lokalisierte Ressource vom Typ System.Drawing.Bitmap.
            </summary>
        </member>
        <member name="P:NetEti.CustomControls.Properties.Resources.forward_disabled">
            <summary>
              Sucht eine lokalisierte Ressource vom Typ System.Drawing.Bitmap.
            </summary>
        </member>
        <member name="P:NetEti.CustomControls.Properties.Resources.forward_enabled">
            <summary>
              Sucht eine lokalisierte Ressource vom Typ System.Drawing.Bitmap.
            </summary>
        </member>
        <member name="P:NetEti.CustomControls.Properties.Resources.search">
            <summary>
              Sucht eine lokalisierte Ressource vom Typ System.Drawing.Bitmap.
            </summary>
        </member>
        <member name="T:NetEti.CustomControls.VishnuHelpBrowser">
             <summary>
             Standalone Webbrowser zur Anzeige der Vishnu Onlinehilfe.
             Die Anwendung merkt sich die Position und Größe dieses Bildschirms
             und stellt sie beim nächsten Aufruf wieder her. Ebenso wird mit der letzten Url verfahren.
             Diese letzten Einstellungen werden unter c:\Users\&lt;user&gt;\AppData\Local\NetEti\VishnuHelpBrowser gespeichert.
             </summary>
             <remarks>
            
             24.01.2024 Erik Nagel: erstellt.
             </remarks>
        </member>
        <member name="M:NetEti.CustomControls.VishnuHelpBrowser.#ctor">
            <summary>
            Standard Konstruktor.
            </summary>
        </member>
        <member name="M:NetEti.CustomControls.VishnuHelpBrowser.#ctor(System.String)">
            <summary>
            Parametrisierter Konstruktor - übernimmt eine URL als string.
            </summary>
            <param name="webUrlString">Eine URL als string.</param>
        </member>
        <member name="F:NetEti.CustomControls.VishnuHelpBrowser.components">
            <summary>
             Required designer variable.
            </summary>
        </member>
        <member name="M:NetEti.CustomControls.VishnuHelpBrowser.Dispose(System.Boolean)">
            <summary>
             Clean up any resources being used.
            </summary>
            <param name="disposing">true if managed resources should be disposed; otherwise, false.</param>
        </member>
        <member name="M:NetEti.CustomControls.VishnuHelpBrowser.InitializeComponent">
            <summary>
             Required method for Designer support - do not modify
             the contents of this method with the code editor.
            </summary>
        </member>
        <member name="T:NetEti.CustomControls.ApplicationConfiguration">
            <summary>
             Bootstrap the application configuration.
            </summary>
        </member>
        <member name="M:NetEti.CustomControls.ApplicationConfiguration.Initialize">
            <summary>
             Bootstrap the application as follows:
             <code>
             global::System.Windows.Forms.Application.EnableVisualStyles();
             global::System.Windows.Forms.Application.SetCompatibleTextRenderingDefault(false);
             global::System.Windows.Forms.Application.SetHighDpiMode(HighDpiMode.SystemAware);
            </code>
            </summary>
        </member>
    </members>
</doc>
