<?xml version="1.0"?>
<doc>
    <assembly>
        <name>WeatherCheckerControl</name>
    </assembly>
    <members>
        <member name="T:Vishnu_UserModules.ResultViewModel">
             <summary>
             ViewModel für das User-spezifische Result.
             Löst das ReturnObject eines Checkers in Properties auf.
             </summary>
             <remarks>
             Autor: Erik Nagel
            
             21.10.2022 Erik Nagel: erstellt.
             </remarks>
        </member>
        <member name="P:Vishnu_UserModules.ResultViewModel.RecordCount">
            <summary>
            Die Anzahl der Datenpunkte.
            </summary>
        </member>
        <member name="P:Vishnu_UserModules.ResultViewModel.Creation">
            <summary>
            Der Initialisierungszeitpunkt.
            </summary>
        </member>
        <member name="P:Vishnu_UserModules.ResultViewModel.Headline">
            <summary>
            Die Überschrift
            </summary>
        </member>
        <member name="P:Vishnu_UserModules.ResultViewModel.SubResults">
            <summary>
            Die Einzelnen Ergebnisse.
            </summary>
        </member>
        <member name="M:Vishnu_UserModules.ResultViewModel.#ctor(Vishnu.Interchange.IVishnuViewModel)">
            <summary>
            Konstruktor - übernimmt den DataContext des zugehörigen Vishnu-Knotens.
            </summary>
            <param name="parentViewModel">DataContext des zugehörigen Vishnu-Knotens.</param>
        </member>
        <member name="M:Vishnu_UserModules.ResultViewModel.HandleResultPropertyChanged">
            <summary>
            Wird ausgeführt, wenn sich die Result-Property des ViewModels
            des zugehörigen Vishnu-Knotens geändert hat.
            </summary>
        </member>
        <member name="T:Vishnu_UserModules.SubResultViewModel">
             <summary>
             ViewModel für  ein Teilergebnis des User-spezifische Results.
             </summary>
             <remarks>
             Autor: Erik Nagel
            
             The weather-forecasts and the used weather-icons come from http://www.7timer.info.
             Many thanks to Chenzhou Cui and his friends, who run this wonderful free weather-forecast site.
             Wiki on https://github.com/Yeqzids/7timer-issues/wiki/Wiki.
             API on http://www.7timer.info/bin/api.pl?lon=6.7821&amp;lat=51.2375&amp;product=civil&amp;output=json.
             
             21.10.2022 Erik Nagel: erstellt.
             </remarks>
        </member>
        <member name="P:Vishnu_UserModules.SubResultViewModel.Date">
            <summary>
            Das aktuelle Datum als String.
            </summary>
        </member>
        <member name="P:Vishnu_UserModules.SubResultViewModel.Time">
            <summary>
            Die darzustellende Uhrzeit als String.
            </summary>
        </member>
        <member name="P:Vishnu_UserModules.SubResultViewModel.Temperature">
            <summary>
            Die darzustellende Temperatur als String.
            </summary>
        </member>
        <member name="P:Vishnu_UserModules.SubResultViewModel.TemperatureName">
            <summary>
            Die Bezeichnung für die darzustellende Temperatur als String.
            </summary>
        </member>
        <member name="P:Vishnu_UserModules.SubResultViewModel.Humidity">
            <summary>
            Die darzustellende Luftfeuchtigkeit als String.
            </summary>
        </member>
        <member name="P:Vishnu_UserModules.SubResultViewModel.HumidityName">
            <summary>
            Die Bezeichnung für die darzustellende Luftfeuchtigkeit als String.
            </summary>
        </member>
        <member name="P:Vishnu_UserModules.SubResultViewModel.ApparentTemperature">
            <summary>
            Die gefühlte Temperatur als String.
            </summary>
        </member>
        <member name="P:Vishnu_UserModules.SubResultViewModel.ApparentTemperatureName">
            <summary>
            Die Bezeichnung für die gefühlte Temperatur als String.
            </summary>
        </member>
        <member name="P:Vishnu_UserModules.SubResultViewModel.PrecipitationProbability">
            <summary>
            Die Niederschlagswahrscheinlichkeit als String.
            </summary>
        </member>
        <member name="P:Vishnu_UserModules.SubResultViewModel.PrecipitationProbabilityName">
            <summary>
            Die Bezeichnung für die Niederschlagswahrscheinlichkeit als String.
            </summary>
        </member>
        <member name="P:Vishnu_UserModules.SubResultViewModel.Rain">
            <summary>
            Die Regenmenge als String.
            </summary>
        </member>
        <member name="P:Vishnu_UserModules.SubResultViewModel.RainName">
            <summary>
            Die Bezeichnung für die Regenmenge als String.
            </summary>
        </member>
        <member name="P:Vishnu_UserModules.SubResultViewModel.Showers">
            <summary>
            Die Regenschauermenge als String.
            </summary>
        </member>
        <member name="P:Vishnu_UserModules.SubResultViewModel.ShowersName">
            <summary>
            Die Bezeichnung für die Regenschauermenge als String.
            </summary>
        </member>
        <member name="P:Vishnu_UserModules.SubResultViewModel.Snowfall">
            <summary>
            Die Schneefallmenge als String.
            </summary>
        </member>
        <member name="P:Vishnu_UserModules.SubResultViewModel.SnowfallName">
            <summary>
            Die Bezeichnung für die Schneefallmenge als String.
            </summary>
        </member>
        <member name="P:Vishnu_UserModules.SubResultViewModel.Weather">
            <summary>
            Der darzustellende Wettertyp als String.
            </summary>
        </member>
        <member name="P:Vishnu_UserModules.SubResultViewModel.WeatherName">
            <summary>
            Die Bezeichnung für den darzustellenden Wettertyp als String.
            </summary>
        </member>
        <member name="P:Vishnu_UserModules.SubResultViewModel.SurfacePressure">
            <summary>
            Die Luftdruck an der Oberfläche als String.
            </summary>
        </member>
        <member name="P:Vishnu_UserModules.SubResultViewModel.SurfacePressureName">
            <summary>
            Die Bezeichnung für den Luftdruck an der Oberfläche als String.
            </summary>
        </member>
        <member name="P:Vishnu_UserModules.SubResultViewModel.Cloudcover">
            <summary>
            Die Bewölkung als String.
            </summary>
        </member>
        <member name="P:Vishnu_UserModules.SubResultViewModel.CloudcoverName">
            <summary>
            Die Bezeichnung für die Bewölkung als String.
            </summary>
        </member>
        <member name="P:Vishnu_UserModules.SubResultViewModel.WindSpeed">
            <summary>
            Die Windgeschwindigkeit als String.
            </summary>
        </member>
        <member name="P:Vishnu_UserModules.SubResultViewModel.WindSpeedName">
            <summary>
            Die Bezeichnung für die Windgeschwindigkeit als String.
            </summary>
        </member>
        <member name="P:Vishnu_UserModules.SubResultViewModel.Wind">
            <summary>
            Die Windgeschwindigkeit und -Richtung als String.
            </summary>
        </member>
        <member name="P:Vishnu_UserModules.SubResultViewModel.WindName">
            <summary>
            Die Bezeichnung für die Windgeschwindigkeit als String.
            </summary>
        </member>
        <member name="P:Vishnu_UserModules.SubResultViewModel.WindDirection">
            <summary>
            Die Windrichtung als String.
            </summary>
        </member>
        <member name="P:Vishnu_UserModules.SubResultViewModel.WindDirectionName">
            <summary>
            Die Bezeichnung für die Windrichtung als String.
            </summary>
        </member>
        <member name="P:Vishnu_UserModules.SubResultViewModel.WindGustsSpeed">
            <summary>
            Die Geschwindigkeit von Windböen als String.
            </summary>
        </member>
        <member name="P:Vishnu_UserModules.SubResultViewModel.WindGustsSpeedName">
            <summary>
            Die Bezeichnung für die Geschwindigkeit von Windböen als String.
            </summary>
        </member>
        <member name="P:Vishnu_UserModules.SubResultViewModel.Sunrise">
            <summary>
            Die Zeit des Sonnenaufgangs als String.
            </summary>
        </member>
        <member name="P:Vishnu_UserModules.SubResultViewModel.SunriseName">
            <summary>
            Die Bezeichnung für die Zeit des Sonnenaufgangs als String.
            </summary>
        </member>
        <member name="P:Vishnu_UserModules.SubResultViewModel.Sunset">
            <summary>
            Die Zeit des Sonnenuntergangs als String.
            </summary>
        </member>
        <member name="P:Vishnu_UserModules.SubResultViewModel.SunsetName">
            <summary>
            Die Bezeichnung für die Zeit des Sonnenuntergangs als String.
            </summary>
        </member>
        <member name="P:Vishnu_UserModules.SubResultViewModel.SunshineDuration">
            <summary>
            Die Sonnenscheindauer als String.
            </summary>
        </member>
        <member name="P:Vishnu_UserModules.SubResultViewModel.SunshineDurationName">
            <summary>
            Die Bezeichnung für die Sonnenscheindauer als String.
            </summary>
        </member>
        <member name="P:Vishnu_UserModules.SubResultViewModel.RainSum">
            <summary>
            Die tägliche Regenmenge als String.
            </summary>
        </member>
        <member name="P:Vishnu_UserModules.SubResultViewModel.RainSumName">
            <summary>
            Die Bezeichnung für die tägliche Regenmenge als String.
            </summary>
        </member>
        <member name="P:Vishnu_UserModules.SubResultViewModel.ShowersSum">
            <summary>
            Die tägliche Regenschauermenge als String.
            </summary>
        </member>
        <member name="P:Vishnu_UserModules.SubResultViewModel.ShowersSumName">
            <summary>
            Die Bezeichnung für die tägliche Regenschauermenge als String.
            </summary>
        </member>
        <member name="P:Vishnu_UserModules.SubResultViewModel.SnowfallSum">
            <summary>
            Die tägliche Schneefallmenge als String.
            </summary>
        </member>
        <member name="P:Vishnu_UserModules.SubResultViewModel.SnowfallSumName">
            <summary>
            Die Bezeichnung für die tägliche Schneefallmenge als String.
            </summary>
        </member>
        <member name="P:Vishnu_UserModules.SubResultViewModel.ResultRecordString">
            <summary>
            Ein Datensatz als string.
            </summary>
        </member>
        <member name="P:Vishnu_UserModules.SubResultViewModel.IsPopupOpen">
            <summary>
            Gibt an, ob ein Popup offen ist.
            </summary>
        </member>
        <member name="P:Vishnu_UserModules.SubResultViewModel.ClosePopupCommand">
            <summary>
            Kommando zum Schließen des Popups
            </summary>
        </member>
        <member name="P:Vishnu_UserModules.SubResultViewModel.OpenPopupCommand">
            <summary>
            Kommando zum Schließen des Popups
            </summary>
        </member>
        <member name="M:Vishnu_UserModules.SubResultViewModel.ToString">
            <summary>
            Überschriebene ToString()-Methode.
            Liefert die Properties als String aufbereitet. 
            </summary>
            <returns></returns>
        </member>
        <member name="M:Vishnu_UserModules.SubResultViewModel.#ctor(System.DateTime,System.Int32)">
            <summary>
            Konstruktor - übernimmt den Init-Zeitpunkt vom ResultViewModel.
            </summary>
            <param name="initDateTime">Datum der Initialisierung.</param>
            <param name="init">Stunden der Initialisierung.</param>
        </member>
        <member name="T:Vishnu_UserModules.ValueConverter.WeatherToBitmapImage">
             <summary>
             Setzt einen Wettertyp als string in ein BitmapImage um.
             </summary>
             <remarks>
             Autor: Erik Nagel
            
             18.10.2022 Erik Nagel: erstellt.
             </remarks>
        </member>
        <member name="M:Vishnu_UserModules.ValueConverter.WeatherToBitmapImage.Convert(System.Object[],System.Type,System.Object,System.Globalization.CultureInfo)">
            <summary>
            Übersetzt einen Wetter-Typ (string) in ein Bild.
            </summary>
            <param name="values">Array: [Wettertyp als string][ResourceDictionary mit BitmapImages].</param>
            <param name="targetType">Der Zieltyp (BitmapImage).</param>
            <param name="parameter">Wird nicht genutzt.</param>
            <param name="culture">Sprache, Sonderzeichen.</param>
            <returns>BitmapImage.</returns>
        </member>
        <member name="M:Vishnu_UserModules.ValueConverter.WeatherToBitmapImage.ConvertBack(System.Object,System.Type[],System.Object,System.Globalization.CultureInfo)">
            <summary>
            Ist nicht implementiert.
            </summary>
            <param name="value">BitmapImage.</param>
            <param name="targetTypes">Array: [Wettertyp als string][ResourceDictionary mit BitmapImages].</param>
            <param name="parameter">Wird nicht genutzt.</param>
            <param name="culture">Sprache, Sonderzeichen.</param>
            <returns>Wettertyp als string.</returns>
        </member>
        <member name="T:Vishnu_UserModules.WeatherCheckerControl">
            <summary>
            Interaktionslogik für WeatherCheckerControl.xaml.
            
            The weather-forecasts and the used weather-icons come from http://www.7timer.info.
            Many thanks to Chenzhou Cui and his friends, who run this wonderful free weather-forecast site.
            Wiki on https://github.com/Yeqzids/7timer-issues/wiki/Wiki.
            API on http://www.7timer.info/bin/api.pl?lon=6.7821&amp;lat=51.2375&amp;product=civil&amp;output=json.
            
            </summary>
            <summary>
            WeatherCheckerControl
            </summary>
        </member>
        <member name="M:Vishnu_UserModules.WeatherCheckerControl.#ctor">
            <summary>
            Konstruktor - hängt einen EventHandler in ContentRendered.
            </summary>
        </member>
        <member name="M:Vishnu_UserModules.WeatherCheckerControl.GetUserResultViewModel(Vishnu.Interchange.IVishnuViewModel)">
            <summary>
            Konkrete Überschreibung von GetUserResultViewModel, returnt ein spezifisches ResultViewModel.
            </summary>
            <param name="vishnuViewModel">Ein spezifisches ResultViewModel.</param>
            <returns></returns>
        </member>
        <member name="M:Vishnu_UserModules.WeatherCheckerControl.Dispose(System.Boolean)">
            <summary>
            Hier wird aufgeräumt: ruft für alle User-Elemente, die Disposable sind, Dispose() auf.
            </summary>
            <param name="disposing">Bei true wurde diese Methode von der öffentlichen Dispose-Methode
            aufgerufen; bei false vom internen Destruktor.</param>
        </member>
        <member name="M:Vishnu_UserModules.WeatherCheckerControl.InitializeComponent">
            <summary>
            InitializeComponent
            </summary>
        </member>
    </members>
</doc>
