<?xml version="1.0"?>
<doc>
    <assembly>
        <name>JobConnectorUserControl</name>
    </assembly>
    <members>
        <member name="T:Vishnu.UserControls.JobConnectorUserControl">
            <summary>
            Interaktionslogik für JobConnectorUserControl.xaml
            </summary>
            <summary>
            JobConnectorUserControl
            </summary>
        </member>
        <member name="M:Vishnu.UserControls.JobConnectorUserControl.#ctor">
            <summary>
            Standard Konstruktor.
            </summary>
        </member>
        <member name="M:Vishnu.UserControls.JobConnectorUserControl.InitializeComponent">
            <summary>
            InitializeComponent
            </summary>
        </member>
    </members>
</doc>
