<?xml version="1.0"?>
<doc>
    <assembly>
        <name>NetEti.CommandLineAccess</name>
    </assembly>
    <members>
        <member name="T:NetEti.ApplicationEnvironment.CommandLineAccess">
             <summary>
             Zugriffe auf Kommandozeilen-Parameter<br></br>
                       Implementiert IGetStringValue.
                       Minimal-Funktionalität:<br></br>
                       Wenn der übergebene Key in der Kommandozeile existiert,
                       wird dieser unverändert zurückggegeben, ansonsten der
                       Default Value.
                       Ist der übergebene Key numerisch, wird versucht, mit
                       ihm als Index in die Kommandozeilenparameter zu greifen;
                       Bei Erfolg wird der entsprechende Wert zurückgegeben,
                       ansonsten der Default Value.
             </summary>
             <remarks>
             File: CommandLineAccess.cs<br></br>
             Autor: Erik Nagel, NetEti<br></br>
            <br></br>
             13.03.2012 Erik Nagel: erstellt<br></br>
             04.06.2014 Erik Nagel: Auflösen benannter Parameter (/Name=xyz oder -Name=xyz)<br></br>
             10.04.2020 Erik Nagel: Bei Auflösung nach numerischem Key (Positionsnummer des Arguments)
             Parameter mit vorangestellten '/' oder '-' ausgeschlossen.<br></br>
             </remarks>
        </member>
        <member name="M:NetEti.ApplicationEnvironment.CommandLineAccess.GetStringValue(System.String,System.String)">
            <summary>
            Liefert genau einen Wert zu einem Key. Wenn es keinen Wert zu dem
            Key gibt, wird defaultValue zurückgegeben.
            </summary>
            <param name="key">Der Zugriffsschlüssel (string)</param>
            <param name="defaultValue">Das default-Ergebnis (string)</param>
            <returns>Der Ergebnis-String</returns>
        </member>
        <member name="M:NetEti.ApplicationEnvironment.CommandLineAccess.GetStringValues(System.String,System.String[])">
            <summary>
            Liefert ein string-Array zu einem Key. Wenn es keinen Wert zu dem
            Key gibt, wird defaultValue zurückgegeben.
            Liefert nur einen Einzelwert als Array verpackt, muss ggf. spaeter
            erweitert werden.
            </summary>
            <param name="key">Der Zugriffsschlüssel (string)</param>
            <param name="defaultValues">Das default-Ergebnis (string[])</param>
            <returns>Das Ergebnis-String-Array</returns>
        </member>
        <member name="P:NetEti.ApplicationEnvironment.CommandLineAccess.Description">
            <summary>
            Liefert einen beschreibenden Namen dieses StringValueGetters,
            z.B. Name plus ggf. Quellpfad.
            </summary>
        </member>
        <member name="P:NetEti.ApplicationEnvironment.CommandLineAccess.CommandLine">
            <summary>
            Liefert die Kommandozeile als einen String.
            </summary>
        </member>
        <member name="M:NetEti.ApplicationEnvironment.CommandLineAccess.#ctor">
            <summary>
            Konstruktor - setzt den internen Reader
            </summary>
        </member>
    </members>
</doc>
