<?xml version="1.0"?>
<doc>
    <assembly>
        <name>NetEti.FileWatcherTrigger</name>
    </assembly>
    <members>
        <member name="T:NetEti.FileTools.FileWatcherTrigger">
             <summary>
             Ruft bei Änderung an einer Datei(triggerParameters) eine Action&lt;TriggerEvent> auf,
             die der öffentlichen Methode Start als Aufrufparameter mitgegeben werden kann.
             Zusätzlich kann dem FileWatcherTrigger ein optionaler Zusatzparameter mitgegeben werden,
             der den FileWatcherTrigger nach Ablauf einer bestimmten Zeit
             (MS= Millisekunden, S= Sekunden, M= Minuten, H= Stunden, D= Tage) unabhängig von Ereignissen
             auf die beobachtete Datei feuern lässt.
             Ein typischer Aufrufparameter wäre etwa @".\Testdatei.txt|Initial|S:30|d:\tmp,e:\other".
             Hier bedeutet Initial, dass der Trigger direkt beim Start einmal feuern soll.
             Als letzter Parameter kann eine durch Komma separierte Liste von Verzeichnissen mitgegeben
             werden, die zusätzlich durchsucht werden sollen.
             Der FileWatcherTrigger ist eine Shell um System.IO.FileSystemWatcher.
             Es werden Fehler abgefangen, die typischerweise bei längerem Betrieb von System.IO.FileSystemWatcher
             auftreten können, z.B. 'Watched directory not accessible', so dass der FileWatcherTrigger auch über
             längere Zeit zuverlässig arbeitet.
             </summary>
             <remarks>
             File: FileWatcherTrigger.cs
             Autor: Erik Nagel
            
             11.08.2019 Erik Nagel: erstellt.
             </remarks>
        </member>
        <member name="M:NetEti.FileTools.FileWatcherTrigger.Dispose">
            <summary>
            Öffentliche Methode zum Aufräumen.
            </summary>
        </member>
        <member name="M:NetEti.FileTools.FileWatcherTrigger.Dispose(System.Boolean)">
            <summary>
            Abschlussarbeiten, ggf. Timer zurücksetzen.
            </summary>
            <param name="disposing">False, wenn vom eigenen Destruktor aufgerufen.</param>
        </member>
        <member name="M:NetEti.FileTools.FileWatcherTrigger.Finalize">
            <summary>
            Destruktor
            </summary>
        </member>
        <member name="P:NetEti.FileTools.FileWatcherTrigger.TriggerInfo">
            <summary>
            Ein String mit Trigger-Eigenschaften zu Logging-Zwecken.
            </summary>
        </member>
        <member name="M:NetEti.FileTools.FileWatcherTrigger.Start(System.Object,System.Object,System.Action{NetEti.FileTools.TriggerEvent})">
            <summary>
            Startet den Trigger und übergibt eine Callback-Action, die aufgerufen wird,
            wenn sich die beobachtete Datei ändert. Diese Action liefert ein TriggerEvent
            zurück, welches Zusatzinformationen über das auslösende Ereignis enthält.
            </summary>
            <param name="triggerController">Das Objekt, das den Trigger aufruft.</param>
            <param name="triggerParameters">Pfad der zu beobachtenden Datei.</param>
            <param name="triggerIt">Die aufzurufende Callback-Routine, wenn der Trigger feuert.</param>
            <returns>True, wenn der Trigger durch diesen Aufruf tatsächlich gestartet wurde.</returns>
        </member>
        <member name="M:NetEti.FileTools.FileWatcherTrigger.Stop(System.Object,System.Action{NetEti.FileTools.TriggerEvent})">
            <summary>
            Stoppt den Trigger.
            </summary>
            <param name="triggerController">Das Objekt, das den Trigger aufruft.</param>
            <param name="triggerIt">Die aufzurufende Callback-Routine, wenn der Trigger feuert.</param>
        </member>
        <member name="M:NetEti.FileTools.FileWatcherTrigger.#ctor">
            <summary>
            Konstruktor - initialisiert die Liste von FileWatchern.
            </summary>
        </member>
        <member name="M:NetEti.FileTools.FileWatcherTrigger.OnTriggerFired(System.IO.FileSystemWatcher,System.Reactive.EventPattern{System.IO.FileSystemEventArgs})">
            <summary>
            Löst das Trigger-Event aus.
            </summary>
            <param name="fileSystemWatcher">Der beobachtende FileSystemWatcher.</param>
            <param name="ep">EventPattern, enthält EventArgs und dort Informationen über die beobachtete Datei.</param>
        </member>
        <member name="M:NetEti.FileTools.FileWatcherTrigger.OnError(System.Object,System.IO.ErrorEventArgs)">
            <summary>
            Wird ausgeführt, wenn im FileSystemWatcher eine Exception aufgetreten ist, z.B.
            Error: Watched directory not accessible at 21.06.2016 18:16:29
            Nicht genügend Systemressourcen, um den angeforderten Dienst auszuführen
            </summary>
            <param name="source">Der FileSystemWatcher</param>
            <param name="e">Zusatzinformationen zum Fehler (enthält die Exception).</param>
        </member>
        <member name="E:NetEti.FileTools.FileWatcherTrigger._triggerIt">
            <summary>
            Wird ausgelöst, wenn das Trigger-Ereignis (z.B. Dateiänderung) eintritt. 
            </summary>
        </member>
        <member name="T:NetEti.FileTools.TriggerEvent">
             <summary>
             Klasse mit diversen Informationen für Ereignisse im LogicalTaskTree.
             </summary>
             <remarks>
             File: TreeEvent.cs
             Autor: Erik Nagel
            
             11.08.2019 Erik Nagel: erstellt
             </remarks>
        </member>
        <member name="P:NetEti.FileTools.TriggerEvent.FullPath">
            <summary>Der vollständige Pfad der beobachteten Datei.</summary>
        </member>
        <member name="P:NetEti.FileTools.TriggerEvent.ChangeInfo">
            <summary>Die Art der Änderung der Datei als String.</summary>
        </member>
        <member name="P:NetEti.FileTools.TriggerEvent.Timestamp">
            <summary>Datum und Uhrzeit des Ereignisses</summary>
        </member>
        <member name="M:NetEti.FileTools.TriggerEvent.#ctor(System.String,System.String)">
            <summary>
            Konstruktor: übernimmt und erzeugt diverse Informationen für das TreeEvent.
            </summary>
            <param name="fullPath">Der vollständige Pfad der beobachteten Datei.</param>
            <param name="changeInfo">Die Art der Änderung der Datei als String.</param>
        </member>
        <member name="M:NetEti.FileTools.TriggerEvent.ToString">
            <summary>
            Überschriebene ToString()-Methode.
            </summary>
            <returns>String-Repräsentation des TriggerEvents.</returns>
        </member>
        <member name="M:NetEti.FileTools.TriggerEvent.Equals(System.Object)">
            <summary>
            Vergleicht Dieses Result mit einem übergebenen Result nach Inhalt.
            Der Timestamp wird bewusst nicht in den Vergleich einbezogen.
            </summary>
            <param name="obj">Vergleichs-TriggerEvent.</param>
            <returns>True, wenn das übergebene TriggerEvent inhaltlich (ohne Timestamp) gleich diesem TriggerEvent ist.</returns>
        </member>
        <member name="M:NetEti.FileTools.TriggerEvent.GetHashCode">
            <summary>
            Erzeugt einen eindeutigen Hashcode für dieses Result.
            Der Timestamp wird bewusst nicht in den Vergleich einbezogen.
            </summary>
            <returns>Ein möglichst eindeutiger Integer für alle Properties einer Instanz zusammen.</returns>
        </member>
    </members>
</doc>
