<?xml version="1.0"?>
<doc>
    <assembly>
        <name>NetEti.ObjectSerializer</name>
    </assembly>
    <members>
        <member name="T:NetEti.ObjectSerializer.XMLSerializationUtility">
             <summary>
             Bietet Unterstützung für die Serialisierung und De-Serialisierung von Objekten.
             </summary>
             <remarks>
             File: XMLSerializationUtility.cs
             Autor: Erik Nagel
            
             15.03.2015 Erik Nagel: erstellt
             </remarks>  public class XMLSerializationUtility
        </member>
        <member name="M:NetEti.ObjectSerializer.XMLSerializationUtility.DeserializeObject(System.Text.Encoding,System.String)">
            <summary>
            Deserialisiert einen String mit einem gegebenen Encoding.
            </summary>
            <param name="encoding">Verschlüsselungstyp, z.B. Base64.</param>
            <param name="encoded">Der verschlüsselte String.</param>
            <returns>Das deserialisierte Objekt.</returns>
        </member>
        <member name="M:NetEti.ObjectSerializer.XMLSerializationUtility.SerializeObjectToBase64(System.Object)">
            <summary>
            Serialisiert ein Objekt in einen Base64-kodierten String.
            </summary>
            <param name="obj">Das zu serialisierende Objekt.</param>
            <returns>String mit Base64-Repräsentation des Objekts.</returns>
        </member>
        <member name="M:NetEti.ObjectSerializer.XMLSerializationUtility.DeserializeObjectFromBase64(System.String)">
            <summary>
            Deserialisiert einen Base64-String in ein Objekt.
            </summary>
            <param name="encoded">String mit Base64-Repräsentation des Objekts.</param>
            <returns>Das ursprünglich serialisierte Objekt.</returns>
        </member>
        <member name="M:NetEti.ObjectSerializer.XMLSerializationUtility.SerializeObject(System.Text.Encoding,System.Object)">
            <summary>
            Serialisiert ein Objekt in einen String mit einem gegebenen Encoding.
            </summary>
            <param name="encoding">Verschlüsselungstyp, z.B. Base64.</param>
            <param name="obj">Das zu serialisierende Objekt.</param>
            <returns>Das Objekt als verschlüsselter String.</returns>
        </member>
        <member name="M:NetEti.ObjectSerializer.XMLSerializationUtility.#ctor">
            <summary>
            Standard-Konstruktor.
            </summary>
        </member>
        <member name="M:NetEti.ObjectSerializer.XMLSerializationUtility.serializeObjectToByteArray(System.Text.Encoding,System.Object)">
            <summary>
            Serialisiert ein Objekt in ein Byte-Array mit einem gegebenen Encoding.
            </summary>
            <param name="encoding">Verschlüsselungstyp, z.B. Base64.</param>
            <param name="obj">Das zu serialisierende Objekt.</param>
            <returns>Das Byte-Array in der entsprechenden Verschlüsselung.</returns>
        </member>
        <member name="M:NetEti.ObjectSerializer.XMLSerializationUtility.StringToByteArray(System.Text.Encoding,System.String)">
            <summary>
            Deserialisiert einen verschlüsselten String in ein Byte-Array.
            </summary>
            <param name="encoding">Verschlüsselungstyp, z.B. Base64.</param>
            <param name="encoded">In einen String Verschlüsseltes Objekt.</param>
            <returns>Der entschlüsselte String als Byte-Array.</returns>
        </member>
        <member name="M:NetEti.ObjectSerializer.XMLSerializationUtility.ByteArrayToString(System.Text.Encoding,System.Byte[])">
            <summary>
            
            </summary>
            <param name="encoding">Verschlüsselungstyp, z.B. Base64.</param>
            <param name="byteArray">Das zu verschlüsselnde Byte-Array.</param>
            <returns>String mit dem verschlüsselten Byte-Array.</returns>
        </member>
    </members>
</doc>
