<?xml version="1.0"?>
<doc>
    <assembly>
        <name>NetEti.RegAccess</name>
    </assembly>
    <members>
        <member name="T:NetEti.ApplicationEnvironment.RegistryRoot">
            <summary>
            Aufzählung der Registry-Rootkeys.
            </summary>
        </member>
        <member name="F:NetEti.ApplicationEnvironment.RegistryRoot.HkeyClassesRoot">
            <summary>Registry-Root.</summary>
        </member>
        <member name="F:NetEti.ApplicationEnvironment.RegistryRoot.HkeyCurrentUser">
            <summary>Registry-Root.</summary>
        </member>
        <member name="F:NetEti.ApplicationEnvironment.RegistryRoot.HkeyLocalMachine">
            <summary>Registry-Root.</summary>
        </member>
        <member name="F:NetEti.ApplicationEnvironment.RegistryRoot.HkeyUsers">
            <summary>Registry-Root.</summary>
        </member>
        <member name="F:NetEti.ApplicationEnvironment.RegistryRoot.HkeyCurrentConfig">
            <summary>Registry-Root.</summary>
        </member>
        <member name="T:NetEti.ApplicationEnvironment.RegAccess">
             <summary>
             Liest Werte aus der Registry ein.
             </summary>
             <remarks>
             File: RegAccess.cs<br></br>
             Autor: Erik Nagel, NetEti<br></br>
            <br></br>
             08.03.2012 Erik Nagel: erstellt<br></br>
             15.10.2017 Erik Nagel: RegistryBasePath eingeführt.<br></br>
             </remarks>
        </member>
        <member name="M:NetEti.ApplicationEnvironment.RegAccess.GetStringValue(System.String,System.String)">
            <summary>
            Liefert den Wert eines einzelnen Parameters (Regedit rechts).
            Nur bei String-Parametern anwendbar!
            </summary>
            <param name="key">
            Pfad zum Parameter, dessen Wert (Regedit rechte Seite) gesucht werden
            soll, ausgehend von aktuell eingestellten RegistryRoot und RegistryBasePath.
            </param>
            <param name="defaultValue">Wird zurückgeliefert, wenn kein passender Eintrag gefunden wurde.</param>
            <returns>String-Wert des Keys (Registry rechts)</returns>
        </member>
        <member name="M:NetEti.ApplicationEnvironment.RegAccess.GetStringValues(System.String,System.String[])">
            <summary>
            Liefert ein Array der Werte eines einzelnen Parameters (Regedit rechts).
            Nur bei REG_MULTI_SZ-Parametern anwendbar!
            </summary>
            <param name="key">
            Pfad zum Parameter, dessen Wert (Regedit rechte Seite) gesucht werden
            soll, ausgehend von aktuell eingestellten RegistryRoot und RegistryBasePath.
            </param>
            <param name="defaultValues">Werden zurückgeliefert, wenn keine passenden Einträge gefunden wurden.</param>
            <returns>String-Werte (REG_MULTI_SZ)) des Keys (Registry rechts)</returns>
        </member>
        <member name="P:NetEti.ApplicationEnvironment.RegAccess.Description">
            <summary>
            Liefert einen beschreibenden Namen dieses StringValueGetters,
            z.B. Name plus ggf. Quellpfad.
            </summary>
        </member>
        <member name="P:NetEti.ApplicationEnvironment.RegAccess.CurrentRegistryRoot">
            <summary>
            Die aktuell eingestellte RegistryRoot
            Default: RegistryRoot.HkeyLocalMachine
            </summary>
        </member>
        <member name="P:NetEti.ApplicationEnvironment.RegAccess.RegistryBasePath">
            <summary>
            Basis-Pfad, in dem in der Registry nach einer Einstellung gesucht wird.
            Enthält der Pfad eine der RegistryRoots, z.B. "HKEY_CURRENT_USER", wird
            die intern eingestellte RegistryRoot ebenfalls umgestellt.
            Default für die intern eingestellte RegistryRoot ist "HKEY_LOCAL_MACHINE".
            Default: ""
            </summary>
        </member>
        <member name="M:NetEti.ApplicationEnvironment.RegAccess.#ctor(NetEti.ApplicationEnvironment.RegistryRoot)">
            <summary>
            Parametrisierter Konstruktur, erwartet eine RegistryRoot.
            </summary>
            <param name="initRegRoot">Die vorerst zu verwendende RegistryRoot</param>
        </member>
        <member name="M:NetEti.ApplicationEnvironment.RegAccess.#ctor">
            <summary>
            Parameterloser Konstruktor, setzt die RegistryRoot auf Default = 
            RegistryRoot.HkeyLocalMachine und ruft damit den parametrisierten Konstruktor.
            </summary>
        </member>
        <member name="M:NetEti.ApplicationEnvironment.RegAccess.SetRegistryBasePath(System.String)">
            <summary>
            Setzt den Registry-Zugriffskey für alle nachfolgende Zugriffe auf
            den übergebenen Basis-Pfad, wenn sich der übergebene registryBasePath
            fehlerfrei in ein entsprechendes Equivalent aus Registy-Keys umwandeln lässt.
            </summary>
            <param name="registryBasePath">Pfad zum Registry-Key, unterhalb dessen zukünftige Zugriffe erfolgen sollen.</param>
            <exception cref="T:System.ArgumentException">Wird ausgelöst, wenn der übergebene registryBasePath nicht in einen RegistryKey konvertierbar ist.</exception>
        </member>
        <member name="M:NetEti.ApplicationEnvironment.RegAccess.GetSubKeyNames(System.String)">
            <summary>
            Liefert die Unterschlüssel von RegistryRoot + dem übergebenen keyString
            (Regedit: linke Seite).
            </summary>
            <param name="keyString">
            Pfad zum Schlüssel, dessen Subkeys gesucht werden sollen,
            ausgehend von der aktuell eingestellten RegistryRoot.
            </param>
            <returns>String[] mit den Schlüsselnamen (kann leer sein)</returns>
        </member>
        <member name="M:NetEti.ApplicationEnvironment.RegAccess.GetSubValueNames(System.String)">
            <summary>
            Liefert zu einem Schlüssel in der Registry links die Parameternamen von
            der rechten Seite der Registry (Regedit).
            </summary>
            <param name="keyString">
            Pfad zum Schlüssel, dessen Parameter-Namen (Regedit rechts) gesucht
            werden sollen, ausgehend von der aktuell eingestellten RegistryRoot.
            </param>
            <returns>String[] mit den Parameternamen (kann leer sein)</returns>
        </member>
    </members>
</doc>
