<?xml version="1.0"?>
<doc>
    <assembly>
        <name>NetEti.NetworkMappingsRefresher</name>
    </assembly>
    <members>
        <member name="T:NetEti.FileTools.NetworkMappingsRefresher">
             <summary>
             Refresht die Mappings von Netzwerk-Laufwerken.
             Benutzt dafür "net use".
             </summary>
             <remarks>
             File: NetworkMappingsRefresher
             Autor: Erik Nagel, NetEti
            
             20.02.2015 Erik Nagel: erstellt
             </remarks>
        </member>
        <member name="M:NetEti.FileTools.NetworkMappingsRefresher.Refresh">
            <summary>
            Refresht die Mappings von Netzwerk-Laufwerken.
            </summary>
        </member>
    </members>
</doc>
