<?xml version="1.0"?>
<doc>
    <assembly>
        <name>NetEti.Threader</name>
    </assembly>
    <members>
        <member name="T:NetEti.ApplicationControl.ThreadWorkerHandler">
            <summary>
            Delegate-Typ für die User-spezifische Verarbeitungsroutine: object (Threader, object)
            </summary>
            <param name="threader">Wird vom Threader selbst mitgegeben, stellt u.a. auch die Abort-Methoden zur Verfügung</param>
            <param name="parameter">Parameter-Objekt der User-Routine</param>
            <returns>Return-Objekt der User-Routine</returns>
        </member>
        <member name="T:NetEti.ApplicationControl.Threader">
            <summary>
            Liefert Multithreading Unterstützung, ähnlich dem BackgroundWorker,
            mit mehr Kontrollmöglichkeiten und auf Basis von ThreadPool.
            Für Fortschrittsmeldungen oder Abschlussverarbeitung bei asynchroner Verarbeitung
            ist die jeweilige User-Routine zuständig, nicht der Threader.
            </summary>
            <remarks>
            File: Threader.cs<br />
            Autor: Erik Nagel, NetEti,<br />
            <br />
            09.03.2011 Erik Nagel: erstellt<br />
            09.03.2011 Erik Nagel: AbortAllWithThreadAbortException wird jetzt über Mother.BeginInvoke
                                   aufgerufen. Vorher hat sich der Thread zwischendurch selbst
                                   abgeschossen, was je nach zufälliger Reihenfolge (Timing) dazu
                                   führte, dass andere Threads nicht terminierten;
                                   Einige Invoke auf BeginInvoke geändert;<br />
                                   Abort(All)WithThreadAbortException werden jetzt atomar (locked)
                                   durchgeführt um Deadlocks mit Application.DoEvents zu vermeiden.<br />
            18.04.2012 Erik Nagel: LastReturnObject eingebaut.
            21.04.2012 Erik Nagel: ThreaderException implementiert; Verarbeitungs- und Abschlussmeldungen rausgeschmissen.
            </remarks>
        </member>
        <member name="M:NetEti.ApplicationControl.Threader.Dispose">
            <summary>
            Öffentliche Methode zum Aufräumen.
            </summary>
        </member>
        <member name="M:NetEti.ApplicationControl.Threader.Dispose(System.Boolean)">
            <summary>
            Hier wird aufgeräumt: ruft DBAccess.Dispose();
            </summary>
            <param name="disposing">False, wenn vom eigenen Destruktor aufgerufen.</param>
        </member>
        <member name="M:NetEti.ApplicationControl.Threader.Finalize">
            <summary>
            Finalizer: wird vom GarbageCollector aufgerufen.
            </summary>
        </member>
        <member name="P:NetEti.ApplicationControl.Threader.RunningCounter">
            <summary>
            Die Anzahl aller aktuell laufenden Threads
            </summary>
        </member>
        <member name="M:NetEti.ApplicationControl.Threader.GetNewThreader(System.Windows.Forms.Form)">
            <summary>
            Liefert eine neue Threader-Instanz.
            </summary>
            <param name="mother">Die Form aus dem Main Thread</param>
            <returns>eine neue Threader Instanz (noch nicht gestartet)</returns>
        </member>
        <member name="M:NetEti.ApplicationControl.Threader.GetThisThreader">
            <summary>
            Liefert die aktuell zugehörige Threader-Instanz.
            </summary>
            <returns>die Threader Instanz des aufrufenden Threads</returns>
        </member>
        <member name="M:NetEti.ApplicationControl.Threader.WaitForAllThreads">
            <summary>
            Wartet auf das Ende aller laufenden Threader-Threads.
            </summary>
            <returns>Bei True hat es mindestens eine Exception gegeben</returns>
        </member>
        <member name="M:NetEti.ApplicationControl.Threader.Reset">
            <summary>
            Setzt die Klasse Threader zurück. Ruft vorher WaitForAllThreads auf.
            </summary>
            <returns>Array aller eventuell aufgetretener Exceptions</returns>
        </member>
        <member name="M:NetEti.ApplicationControl.Threader.AbortAll">
            <summary>
            Useranforderung zum Abbruch aller laufender User-Verarbeitungen (soft)
            Wird hier nur vermerkt, muss von den User-Routinen ausgewertet werden,
            ist im Threader selbst wirkungslos im Gegensatz zu den harten Abbruch-Routinen
            AbortWithThreadAbortException und AbortAllWithThreadAbortException, die
            eine ThreadAbortException in die User-Routinen schmeißen.
            </summary>
        </member>
        <member name="M:NetEti.ApplicationControl.Threader.AbortAllWithThreadAbortException(System.Windows.Forms.Control)">
            <summary>
            Harte Useranforderung zum Abbruch aller laufender Threads
            Wirft asynchron über AbortAllWithThreadAbortExceptionAsync
            in allen laufenden Threads eine ThreadAbortException.
            </summary>
            <param name="mother">Die Form aus dem Main Thread</param>
        </member>
        <member name="M:NetEti.ApplicationControl.Threader.IsEmptyAllThreaderExceptions">
            <summary>
            Liefert True wenn Exceptions aufgetreten sind.
            </summary>
            <returns>True wenn Threader.AllThreaderExceptions nicht leer ist</returns>
        </member>
        <member name="M:NetEti.ApplicationControl.Threader.GetAllThreaderExceptions">
            <summary>
            Liefert ein Array aller aufgetretenen ThreaderExceptions
            </summary>
            <returns>ein Array aller aufgetretenen ThreaderExceptions (kann leer sein aber nicht null)</returns>
        </member>
        <member name="P:NetEti.ApplicationControl.Threader.InstanceId">
            <summary>
            Eindeutige Id der Threader-Instanz
            </summary>
        </member>
        <member name="P:NetEti.ApplicationControl.Threader.AbortPending">
            <summary>
            Bei True hat der Benutzer einen weichen Abbruch angefordert.
            </summary>
        </member>
        <member name="P:NetEti.ApplicationControl.Threader.ThreadException">
            <summary>
            Eine eventuelle Exception des aktuellen Threaders
            </summary>
        </member>
        <member name="P:NetEti.ApplicationControl.Threader.LastReturnObject">
            <summary>
            Ein beliebiges von der zuletzt ausgeführten User-Routine zurückgegebenes Objekt.
            </summary>
        </member>
        <member name="M:NetEti.ApplicationControl.Threader.ConsumeThreaderException">
            <summary>
            Liefert eine mögliche ThreaderException zurück und entfernt sie aus
            dem Threader und der Liste aller ThreadExceptions.
            </summary>
            <returns>ThreaderException oder null</returns>
        </member>
        <member name="M:NetEti.ApplicationControl.Threader.ThrowThreaderException">
            <summary>
            Wirft eine mögliche ThreaderException und entfernt sie aus
            dem Threader und der Liste aller ThreadExceptions.
            </summary>
        </member>
        <member name="M:NetEti.ApplicationControl.Threader.StartThread(NetEti.ApplicationControl.ThreadWorkerHandler,System.Object)">
            <summary>
            Startet den Thread.
            </summary>
            <param name="worker">Callback-Routine für die userspezifische Verarbeitung</param>
            <param name="workerParameters">Parameter der User-Routine</param>
            <returns>Die eindeutige Threader-Instanz-Id als String</returns>
        </member>
        <member name="M:NetEti.ApplicationControl.Threader.Abort">
            <summary>
            Useranforderung zum Abbruch der aktuellen User-Verarbeitung.
            Wird hier nur vermerkt, muss von der User-Routine ausgewertet werden,
            ist im Threader selbst wirkungslos im Gegensatz zu den harten Abbruch-Routinen
            AbortWithThreadAbortException und AbortAllWithThreadAbortException, die
            eine ThreadAbortException in die User-Routinen schmeißen.
            </summary>
        </member>
        <member name="M:NetEti.ApplicationControl.Threader.AbortWithThreadAbortException(System.Windows.Forms.Control)">
            <summary>
            Harte Useranforderung zum Abbruch des aktuellen Threads
            Wirft in der Thread-Verarbeitung eine ThreadAbortException.
            </summary>
            <param name="mother">Die Form aus dem Main Thread</param>
        </member>
        <member name="M:NetEti.ApplicationControl.Threader.WaitForThread">
            <summary>
            Wartet auf das Ende des aktuellen Threader-Threads
            </summary>
            <returns>Bei True wurde durch den Benutzer oder durch Exception abgebrochen.</returns>
        </member>
        <member name="M:NetEti.ApplicationControl.Threader.abortAllWithThreadAbortExceptionAsync">
            <summary>
            Wird von AbortAllWithThreadAbortException() aufgerufen.
            Wirft in allen laufenden Threads eine ThreadAbortException.
            Läuft selbst als eigener Thread um Deadlocks mit dem Main Thread
            zu vermeiden.
            </summary>
        </member>
        <member name="T:NetEti.ApplicationControl.ThreaderException">
            <summary>
            Kapselt Exceptions, die im Verlauf einer über Threader ausgeführten Verarbeitung
            aufgetreten sind, in seiner InnerException.
            </summary>
        </member>
        <member name="M:NetEti.ApplicationControl.ThreaderException.#ctor(System.Exception)">
            <summary>
            Konstruktor: übernimmt eine Exception, holt sich deren Meldungstext
            und reicht beides an base weiter.
            </summary>
            <param name="ex">Die tatsächliche Exception</param>
        </member>
        <member name="M:NetEti.ApplicationControl.ThreaderException.#ctor">
            <summary>
            Standard Konstruktor
            </summary>
        </member>
        <member name="M:NetEti.ApplicationControl.ThreaderException.#ctor(System.Runtime.Serialization.SerializationInfo,System.Runtime.Serialization.StreamingContext)">
            <summary>
            De-Serialisierungs-Konstruktor;
            erzeugt aus dem SerialisierungsContainer die zusätzlichen Felder "Suffix" und "ExStackTrace".
            </summary>
            <param name="info">Der Serialisierungs-Container</param>
            <param name="context">Beschreibung des Serialisierungs-Streams</param>
        </member>
        <member name="M:NetEti.ApplicationControl.ThreaderException.GetObjectData(System.Runtime.Serialization.SerializationInfo,System.Runtime.Serialization.StreamingContext)">
            <summary>
            Interne Erweiterung von GetOjectData der Basisklasse Exception;
            fügt die neuen Member "Suffix" und "ExStackTrace" hinzu.
            </summary>
            <param name="info">Der Serialisierungs-Container</param>
            <param name="context">Beschreibung des Serialisierungs-Streams</param>
        </member>
        <member name="M:NetEti.ApplicationControl.ThreaderException.System#Runtime#Serialization#ISerializable#GetObjectData(System.Runtime.Serialization.SerializationInfo,System.Runtime.Serialization.StreamingContext)">
            <summary>
            Überschriebene Schnittstellenmethode des Objekt-Serialisierers;
            ruft die interne Erweiterung von GetOjectData der Basisklasse Exception auf.
            </summary>
            <param name="info">Der Serialisierungs-Container</param>
            <param name="context">Beschreibung des Serialisierungs-Streams</param>
        </member>
        <member name="M:NetEti.ApplicationControl.ThreaderException.ToString">
            <summary>
            Konvertierung der ExtendedException nach string ohne Prefix und Suffix
            </summary>
            <returns>Exception + Stacktrace als string</returns>
        </member>
    </members>
</doc>
