<?xml version="1.0"?>
<doc>
    <assembly>
        <name>NetEti.XMLAccess</name>
    </assembly>
    <members>
        <member name="T:NetEti.FileTools.XmlAccessException">
            <summary>
            Fasst mögliche Exceptions in einer Exception für die Klasse XmlAccess zusammen.
            Die ursprüngliche Exception wird in der InnerException weitergereicht.
            </summary>
        </member>
        <member name="M:NetEti.FileTools.XmlAccessException.#ctor">
            <summary>
            Standard Konstruktor
            </summary>
        </member>
        <member name="M:NetEti.FileTools.XmlAccessException.#ctor(System.String)">
            <summary>
            Standard Konstruktor
            </summary>
            <param name="msg">Der Meldungstext</param>
        </member>
        <member name="M:NetEti.FileTools.XmlAccessException.#ctor(System.String,System.Exception)">
            <summary>
            Konstruktor: übernimmt einen Meldungstext und eine innere Exception (die ursprüngliche Exception).
            </summary>
            <param name="message">Die Fehlermeldung</param>
            <param name="inner">Die InnerException (ursprüngliche Exception)</param>
        </member>
        <member name="M:NetEti.FileTools.XmlAccessException.#ctor(System.Runtime.Serialization.SerializationInfo,System.Runtime.Serialization.StreamingContext)">
            <summary>
            De-Serialisierungs-Konstruktor;
            ruft den Base-Construktor auf.
            </summary>
            <param name="info">Der Serialisierungs-Container</param>
            <param name="context">Beschreibung des Serialisierungs-Streams</param>
        </member>
        <member name="M:NetEti.FileTools.XmlAccessException.GetObjectData(System.Runtime.Serialization.SerializationInfo,System.Runtime.Serialization.StreamingContext)">
            <summary>
            Interne Erweiterung von GetOjectData der Basisklasse Exception;
            erweitert in diesem Fall nichts, sondern ruft direkt die Base-Methode.
            </summary>
            <param name="info">Der Serialisierungs-Container</param>
            <param name="context">Beschreibung des Serialisierungs-Streams</param>
        </member>
        <member name="M:NetEti.FileTools.XmlAccessException.System#Runtime#Serialization#ISerializable#GetObjectData(System.Runtime.Serialization.SerializationInfo,System.Runtime.Serialization.StreamingContext)">
            <summary>
            Überschriebene Schnittstellenmethode des Objekt-Serialisierers;
            ruft die interne Erweiterung von GetOjectData der Basisklasse Exception auf.
            </summary>
            <param name="info">Der Serialisierungs-Container</param>
            <param name="context">Beschreibung des Serialisierungs-Streams</param>
        </member>
        <member name="T:NetEti.FileTools.XmlAccess">
            <summary>
            Liest Werte aus einer Konfigurationsdatei (Xml) ein.
            </summary>
            <remarks>
            File: XMLAccess.cs<br></br>
            Minimalfunktion speziell für eigene Konfigurationsdateien,
            ohne Erweiterungen nicht verallgemeinerbar.<br></br>
            Autor: Erik Nagel, NetEti<br></br>
            <br></br>
            08.03.2012 Erik Nagel: erstellt<br></br>
            </remarks>
        </member>
        <member name="M:NetEti.FileTools.XmlAccess.GetStringValue(System.String,System.String)">
            <summary>
            Liefert genau einen Wert zu einem Key. Wenn es keinen Wert zu dem
            Key gibt, wird defaultValue zurückgegeben.
            </summary>
            <param name="key">Der Zugriffsschlüssel (string)</param>
            <param name="defaultValue">Das default-Ergebnis (string)</param>
            <returns>Der Ergebnis-String</returns>
        </member>
        <member name="M:NetEti.FileTools.XmlAccess.GetStringValues(System.String,System.String[])">
            <summary>
            Liefert ein string-Array zu einem Key. Wenn es keinen Wert zu dem
            Key gibt, wird defaultValue zurückgegeben.
            </summary>
            <param name="key">Der Zugriffsschlüssel (string)</param>
            <param name="defaultValues">Das default-Ergebnis (string[])</param>
            <returns>Das Ergebnis-String-Array</returns>
        </member>
        <member name="P:NetEti.FileTools.XmlAccess.Description">
            <summary>
            Liefert einen beschreibenden Namen dieses StringValueGetters,
            z.B. Name plus ggf. Quellpfad.
            </summary>
        </member>
        <member name="M:NetEti.FileTools.XmlAccess.#ctor(System.String)">
            <summary>
            Liest die ganze Datei in den Speicher.
            </summary>
            <param name="xmlDocumentPathName">Pfad und Name der Xml-Datei</param>
            <exception cref="T:NetEti.FileTools.XmlAccessException">Container, siehe die InnerException (Xml uns IO).</exception>
            <exception cref="T:System.ArgumentException">Bei Übergabe eines illegalen Pfadnamens.</exception>
            <exception cref="T:System.UnauthorizedAccessException">Unerlaubter Zugriff.</exception>
            <exception cref="T:System.Security.SecurityException">Unerlaubter Zugriff.</exception>
        </member>
    </members>
</doc>
