<?xml version="1.0"?>
<doc>
    <assembly>
        <name>NetEti.NetworkMappingsRefresher</name>
    </assembly>
    <members>
        <member name="T:NetEti.FileTools.DriveProperties">
            <summary>
            Enthält Informationen zu einem (Netzwerk-)Laufwerk.
            </summary>
            <remarks>
            28.02.2023 Erik Nagel: created.
            </remarks>
        </member>
        <member name="P:NetEti.FileTools.DriveProperties.DriveLetter">
            <summary>
            Der Laufwerksbuchstabe.
            </summary>
        </member>
        <member name="P:NetEti.FileTools.DriveProperties.Path">
            <summary>
            Der Laufwerkspfad.
            </summary>
        </member>
        <member name="P:NetEti.FileTools.DriveProperties.IsReady">
            <summary>
            Laufwerksstatus
            True: Laufwerk ist connected.
            </summary>
        </member>
        <member name="M:NetEti.FileTools.DriveProperties.#ctor(System.String,System.String,System.Boolean)">
            <summary>
            Konstruktor - übernimmt driveLetter, path und isReady.
            </summary>
            <param name="driveLetter">Der Laufwerksbuchstabe.</param>
            <param name="path">Der Laufwerkspfad.</param>
            <param name="isReady">Laufwerksstatus - True: Laufwerk ist connected.</param>
        </member>
        <member name="M:NetEti.FileTools.DriveProperties.ToString">
            <summary>
            Überschriebene ToString-Methode.
            </summary>
            <returns></returns>
        </member>
        <member name="T:NetEti.FileTools.NetworkMappingsRefresher">
             <summary>
             Refresht die Mappings von Netzwerk-Laufwerken.
             Benutzt dafür "net use".
             </summary>
             <remarks>
             File: NetworkMappingsRefresher
             Autor: Erik Nagel, NetEti
            
             20.02.2015 Erik Nagel: erstellt
             28.02.2023 Erik Nagel: überarbeitet.
             </remarks>
        </member>
        <member name="M:NetEti.FileTools.NetworkMappingsRefresher.GetDriveList">
            <summary>
            Liefert ein Dictionary von Laufwerksbuchtaben mit ihren Pfaden
            und je einem Status "IsReady" (True: Laufwerk ist connected).
            </summary>
            <returns>Ein Dictionary von Laufwerksbuchtaben mit ihren Pfaden
            und je einem Status "IsReady" (True: Laufwerk ist connected).</returns>
        </member>
        <member name="M:NetEti.FileTools.NetworkMappingsRefresher.Refresh">
            <summary>
            Refresht die Mappings von Netzwerk-Laufwerken.
            </summary>
        </member>
    </members>
</doc>
