<?xml version="1.0"?>
<doc>
    <assembly>
        <name>NetEti.SettingsAccess</name>
    </assembly>
    <members>
        <member name="T:NetEti.ApplicationEnvironment.SettingsAccess">
             <summary>
             Zugriffe auf die über das .Net-Framework verwalteten AppSettings<br></br>
                       Implementiert IGetStringValue.
             </summary>
             <remarks>
             File: SettingsAccess.cs<br></br>
             Autor: Erik Nagel, NetEti<br></br>
            <br></br>
             13.03.2012 Erik Nagel: erstellt<br></br>
             </remarks>
        </member>
        <member name="M:NetEti.ApplicationEnvironment.SettingsAccess.GetStringValue(System.String,System.String)">
            <summary>
            Liefert genau einen Wert zu einem Key. Wenn es keinen Wert zu dem
            Key gibt, wird defaultValue zurückgegeben.
            </summary>
            <param name="key">Der Zugriffsschlüssel (string)</param>
            <param name="defaultValue">Das default-Ergebnis (string)</param>
            <returns>Der Ergebnis-String</returns>
        </member>
        <member name="M:NetEti.ApplicationEnvironment.SettingsAccess.GetStringValues(System.String,System.String[])">
            <summary>
            Liefert ein string-Array zu einem Key. Wenn es keinen Wert zu dem
            Key gibt, wird defaultValue zurückgegeben.
            Liefert nur einen Einzelwert als Array verpackt, muss ggf. spaeter
            erweitert werden.
            </summary>
            <param name="key">Der Zugriffsschlüssel (string)</param>
            <param name="defaultValues">Das default-Ergebnis (string[])</param>
            <returns>Das Ergebnis-String-Array</returns>
        </member>
        <member name="P:NetEti.ApplicationEnvironment.SettingsAccess.Description">
            <summary>
            Liefert einen beschreibenden Namen dieses StringValueGetters,
            z.B. Name plus ggf. Quellpfad.
            </summary>
        </member>
        <member name="M:NetEti.ApplicationEnvironment.SettingsAccess.#ctor">
            <summary>
            Konstruktor - setzt den internen Reader
            </summary>
        </member>
    </members>
</doc>
