<?xml version="1.0"?>
<doc>
    <assembly>
        <name>NetEti.XMLAccess</name>
    </assembly>
    <members>
        <member name="T:NetEti.FileTools.XmlAccess">
            <summary>
            Liest Werte aus einer Konfigurationsdatei (Xml) ein.
            </summary>
            <remarks>
            File: XMLAccess.cs<br></br>
            Minimalfunktion speziell für verschiedene Konfigurationsdateien, nicht verallgemeinerbar!<br></br>
            Autor: Erik Nagel, NetEti<br></br>
            <br></br>
            08.03.2012 Erik Nagel: erstellt<br></br>
            04.03.2023 Erik Nagel: komplett überarbeitet.<br></br>
            </remarks>
        </member>
        <member name="P:NetEti.FileTools.XmlAccess.Settings">
            <summary>
            Enthält alle aus der XmlDatei eingelesenen (Anwendungs-)Einstellungen.
            </summary>
        </member>
        <member name="M:NetEti.FileTools.XmlAccess.GetStringValue(System.String,System.String)">
            <summary>
            Liefert genau einen Wert zu einem Key. Wenn es keinen Wert zu dem
            Key gibt, wird defaultValue zurückgegeben.
            </summary>
            <param name="key">Der Zugriffsschlüssel (string)</param>
            <param name="defaultValue">Das default-Ergebnis (string)</param>
            <returns>Der Ergebnis-String</returns>
        </member>
        <member name="M:NetEti.FileTools.XmlAccess.GetStringValues(System.String,System.String[])">
            <summary>
            Liefert ein string-Array zu einem Key. Wenn es keinen Wert zu dem
            Key gibt, wird defaultValue zurückgegeben.
            </summary>
            <param name="key">Der Zugriffsschlüssel (string)</param>
            <param name="defaultValues">Das default-Ergebnis (string[])</param>
            <returns>Das Ergebnis-String-Array</returns>
        </member>
        <member name="P:NetEti.FileTools.XmlAccess.Description">
            <summary>
            Liefert einen beschreibenden Namen dieses StringValueGetters,
            z.B. Name plus ggf. Quellpfad.
            </summary>
        </member>
        <member name="M:NetEti.FileTools.XmlAccess.#ctor(System.String)">
            <summary>
            Liest die ganze Datei in den Speicher.
            </summary>
            <param name="xmlDocumentPathName">Pfad und Name der Xml-Datei</param>
            <exception cref="T:System.Xml.XmlException">Bei fehlerhaftem XmlDocument.</exception>
            <exception cref="T:System.ArgumentException">Bei Übergabe eines illegalen Pfadnamens.</exception>
            <exception cref="T:System.UnauthorizedAccessException">Unerlaubter Zugriff.</exception>
            <exception cref="T:System.Security.SecurityException">Unerlaubter Zugriff.</exception>
        </member>
    </members>
</doc>
