<?xml version="1.0"?>
<doc>
    <assembly>
        <name>NetEti.EnvAccess</name>
    </assembly>
    <members>
        <member name="T:NetEti.ApplicationEnvironment.EnvAccess">
             <summary>
             Zugriffe auf das Environment und auf einige Application-Properties.<br></br>
                       Implementiert IGetStringValue.
             </summary>
             <remarks>
             File: EnvAccess.cs<br></br>
             Autor: Erik Nagel, NetEti<br></br>
            <br></br>
             08.03.2012 Erik Nagel: erstellt
             01.05.2020 Erik Nagel: auf DotNet Core 3.0 Verträglichkeit angepasst:
             Zugriffe nicht mehr über System.IO und System.Windows.Forms.Application, sondern über
             System.Reflection.Assembly.GetEntryAssembly().
             </remarks>
        </member>
        <member name="M:NetEti.ApplicationEnvironment.EnvAccess.GetStringValue(System.String,System.String)">
            <summary>
            Liefert genau einen Wert zu einem Key. Wenn es keinen Wert zu dem
            Key gibt, wird defaultValue zurückgegeben.
            </summary>
            <param name="key">Der Zugriffsschlüssel (string)</param>
            <param name="defaultValue">Das default-Ergebnis (string)</param>
            <returns>Der Ergebnis-String</returns>
        </member>
        <member name="M:NetEti.ApplicationEnvironment.EnvAccess.GetStringValues(System.String,System.String[])">
            <summary>
            Liefert ein string-Array zu einem Key. Wenn es keinen Wert zu dem
            Key gibt, wird defaultValue zurückgegeben.
            </summary>
            <param name="key">Der Zugriffsschlüssel (string)</param>
            <param name="defaultValues">Das default-Ergebnis (string[])</param>
            <returns>Das Ergebnis-String-Array</returns>
        </member>
        <member name="P:NetEti.ApplicationEnvironment.EnvAccess.Description">
            <summary>
            Liefert einen beschreibenden Namen dieses StringValueGetters,
            z.B. Name plus ggf. Quellpfad.
            </summary>
        </member>
        <member name="M:NetEti.ApplicationEnvironment.EnvAccess.#ctor">
            <summary>
            Standard-Konstruktor.
            </summary>
        </member>
        <member name="M:NetEti.ApplicationEnvironment.EnvAccess.getFrameworkVersionMajor">
            <summary>
            Ermittelt die höchste installierte Version des .Net-Frameworks.
            </summary>
            <returns>Die höchste installierte Major-Version des .Net-Frameworks als Integer</returns>
        </member>
    </members>
</doc>
