<?xml version="1.0"?>
<doc>
    <assembly>
        <name>NodeListUserControl</name>
    </assembly>
    <members>
        <member name="T:Vishnu.UserControls.NodeListUserControl">
            <summary>
            Interaktionslogik für NodeListUserControl.xaml
            </summary>
            <summary>
            NodeListUserControl
            </summary>
        </member>
        <member name="M:Vishnu.UserControls.NodeListUserControl.#ctor">
            <summary>
            Standard Konstruktor.
            </summary>
        </member>
        <member name="M:Vishnu.UserControls.NodeListUserControl.InitializeComponent">
            <summary>
            InitializeComponent
            </summary>
        </member>
    </members>
</doc>
