<?xml version="1.0"?>
<doc>
    <assembly>
        <name>SingleNodeUserControl</name>
    </assembly>
    <members>
        <member name="T:Vishnu.UserControls.SingleNodeUserControl">
            <summary>
            Interaktionslogik für SingleNodeUserControl.xaml
            </summary>
            <summary>
            SingleNodeUserControl
            </summary>
        </member>
        <member name="M:Vishnu.UserControls.SingleNodeUserControl.#ctor">
            <summary>
            Standard Konstruktor.
            </summary>
        </member>
        <member name="M:Vishnu.UserControls.SingleNodeUserControl.InitializeComponent">
            <summary>
            InitializeComponent
            </summary>
        </member>
    </members>
</doc>
