<?xml version="1.0"?>
<doc>
    <assembly>
        <name>SnapshotUserControl</name>
    </assembly>
    <members>
        <member name="T:Vishnu.UserControls.SnapshotUserControl">
            <summary>
            Interaktionslogik für SnapshotUserControl.xaml
            </summary>
            <summary>
            SnapshotUserControl
            </summary>
        </member>
        <member name="M:Vishnu.UserControls.SnapshotUserControl.#ctor">
            <summary>
            Standard Konstruktor.
            </summary>
        </member>
        <member name="M:Vishnu.UserControls.SnapshotUserControl.InitializeComponent">
            <summary>
            InitializeComponent
            </summary>
        </member>
    </members>
</doc>
