<?xml version="1.0"?>
<doc>
    <assembly>
        <name>Vishnu</name>
    </assembly>
    <members>
        <member name="T:Vishnu.EntryPoint">
            <summary>
            Enthält die statische "Main"-Methode.
            Hier startet als erstes der nicht-WPF Teil der Anwendung.
            </summary>
        </member>
        <member name="M:Vishnu.EntryPoint.Main(System.String[])">
            <summary>
            Statischer Entry-Point - hier startet die Anwendung.
            </summary>
            <param name="args">Kommandozeilen-Argumente.</param>
        </member>
        <member name="M:Vishnu.EntryPoint.SetAddRemoveProgramsIcon">
            <summary>
            Setzt das Icon in add/remove programs für Vishnu
            </summary>
        </member>
        <member name="T:Vishnu.SingleInstanceManager">
            <summary>
            Erkennt eine eventuell schon laufende Instanz dieser Anwendung und
            entscheidet abhängig vom Schalter WindowsFormsApplicationBase.IsSingleInstance:
              a) IsSingleInstance = true: informiert die schon laufende Instanz dieser
                 Anwendung, dass diese sich in den Vordergrund bringen soll und
                 beendet sich dann, um Mehrfach-Instanziierungen zu vermeiden;
              b) IsSingleInstance = false: diese Instanz startet normal.
            Nutzt die Assembly Microsoft.VisualBasic.dll.
            </summary>
        </member>
        <member name="M:Vishnu.SingleInstanceManager.#ctor">
            <summary>
            Konstruktor.
            </summary>
        </member>
        <member name="M:Vishnu.SingleInstanceManager.OnStartup(Microsoft.VisualBasic.ApplicationServices.StartupEventArgs)">
            <summary>
            Wird beim Start der Anwendung durchlaufen - Teil der Start-Anwendung (nicht WPF).
            </summary>
            <param name="e">Enthält die Kommandozeilen-Argumente.</param>
            <returns>Immer false.</returns>
        </member>
        <member name="M:Vishnu.SingleInstanceManager.OnStartupNextInstance(Microsoft.VisualBasic.ApplicationServices.StartupNextInstanceEventArgs)">
            <summary>
            Wird bei weiteren Starts der Anwendung durchlaufen - Teil der Start-Anwendung (nicht WPF).
            </summary>
            <param name="eventArgs">Enthält die Kommandozeilen-Argumente.</param>
        </member>
        <member name="T:Vishnu.SingleInstanceApplication">
             <summary>
             Hauptklasse für den Start der WPF-Anwendung.
             App.cs entspricht App.xaml.cs einer klassischen WPF-Anwendung.
             Hier startet als erstes der nicht-WPF Teil der Anwendung.
             </summary>
             <remarks>
             File: App.cs
             Autor: Erik Nagel
            
             04.03.2013 Erik Nagel: erstellt
             14.12.2013 Erik Nagel: Erfolgreicher Memorycheck (memory.txt). 
             14.07.2016 Erik Nagel: Der Pfad "DebugFile" kann jetzt in Vishnu.exe.config.user überschrieben werden. 
             28.10.2017 Erik Nagel: Implementierung von IsSingleInstance, 
                                    von App.xaml.cs in App.cs umbenannt und App.xaml rausgeschmissen.
             23.06.2019 Erik Nagel: Aufräumen aus OnProcessExit in mainWindow_Closed und
                                    AppDomain.CurrentDomain.UnhandledException gezogen, da OnProcessExit
                                    u.U. nicht mehr ganz durchlaufen wird, sondern z.B. bei Close des
                                    MainWindows über "X" rechts oben abrupt abbricht.
             </remarks>
        </member>
        <member name="M:Vishnu.SingleInstanceApplication.Activate">
            <summary>
            Wird von einer anderen startenden Instanz angesprungen, bevor jene sich beendet,
            wenn deren Schalter IsSingleInstance = true ist.
            </summary>
        </member>
        <member name="M:Vishnu.SingleInstanceApplication.OnStartup(System.Windows.StartupEventArgs)">
            <summary>
            Wird beim Start der Anwendung durchlaufen.
            </summary>
            <param name="e"></param>
        </member>
    </members>
</doc>
