<?xml version="1.0"?>
<doc>
    <assembly>
        <name>ZoomBox</name>
    </assembly>
    <members>
        <member name="T:NetEti.CustomControls.ZoomBox">
             <summary>
             Stellt ein ContentControl mit zusätzlichen Eigenschaften zur Verfügung:
             Zoom-Funktionen über Strg-Mausrad, vertikales Scrollen über Mausrad,
             horizontales Scrollen über Umschalt-Mausrad, Normalansicht über rechte Maustaste,
             Komplettansicht über Strg-rechte Maustaste.
             </summary>
             <remarks>
             File: ZoomBox.cs
             Autor: Erik Nagel, NetEti
            <br></br>
             23.07.2013 Erik Nagel: erstellt
             </remarks>
        </member>
        <member name="F:NetEti.CustomControls.ZoomBox.HorizontalScrollBarVisibilityProperty">
            <summary>
            Holt oder setzt die Sichtbarkeit eines optionalen horizontalen Scrollbalkens.
            </summary>
        </member>
        <member name="P:NetEti.CustomControls.ZoomBox.HorizontalScrollBarVisibility">
            <summary>
            Holt oder setzt die Sichtbarkeit eines optionalen horizontalen Scrollbalkens.
            </summary>
        </member>
        <member name="F:NetEti.CustomControls.ZoomBox.VerticalScrollBarVisibilityProperty">
            <summary>
            Holt oder setzt die Sichtbarkeit eines optionalen vertikalen Scrollbalkens.
            </summary>
        </member>
        <member name="P:NetEti.CustomControls.ZoomBox.VerticalScrollBarVisibility">
            <summary>
            Holt oder setzt die Sichtbarkeit eines optionalen vertikalen Scrollbalkens.
            </summary>
        </member>
        <member name="P:NetEti.CustomControls.ZoomBox.MinimalScaleFactor">
            <summary>
            Holt oder setzt den minimalen Scale-Faktor.
            Der minimale Scale Faktor gibt an, wie stark Elemente verkleinert werden können.
            Dadurch wird indirekt auch die maximale Anzahl Elemente begrenzt, die sich
            gleichzeitig auf dem Bildschirm befinden können. Bei sehr großen Jobs mit sehr
            vielen Controls ist das für die Performance der WPF-Anwendung entscheidend.
            Default: 0.3.
            </summary>
        </member>
        <member name="P:NetEti.CustomControls.ZoomBox.HorizontalScroll">
            <summary>
            Holt oder setzt die horizontale Scrollweite in geräteunabhängigen Pixeln.
            Default: 0.0.
            </summary>
        </member>
        <member name="P:NetEti.CustomControls.ZoomBox.VerticalScroll">
            <summary>
            Holt oder setzt die vertikale Scrollweite in geräteunabhängigen Pixeln.
            Default: 0.0.
            </summary>
        </member>
        <member name="P:NetEti.CustomControls.ZoomBox.IsHorizontalScrollbarVisible">
            <summary>
            Returnt True, wenn die horizontale Scrollbar gerade sichtbar ist.
            </summary>
        </member>
        <member name="P:NetEti.CustomControls.ZoomBox.IsVerticalScrollbarVisible">
            <summary>
            Returnt True, wenn die vertikale Scrollbar gerade sichtbar ist.
            </summary>
        </member>
        <member name="M:NetEti.CustomControls.ZoomBox.GetScale">
            <summary>
            Liefert die aktuellen Zoom-Einstellungen der ZoomBox.
            </summary>
            <returns>ScaleTransform mit horizontalem und vertikalem Vergößerungs-/Verkleinerungsfaktor (Originalgröße jeweils 1.0)</returns>
        </member>
        <member name="M:NetEti.CustomControls.ZoomBox.PresetScale(System.Windows.Media.ScaleTransform)">
            <summary>
            Bereitet das Setzen der aktuellen Zoom-Einstellungen der ZoomBox vor.
            Beim nächsten ZoomBox_LayoutUpdated werden diese dann übernommen.
            </summary>
            <param name="presetScaleTransform">Vorbelegung für den Vergößerungs-/Verkleinerungsfaktor (Originalgröße = 1.0, 1.0).</param>
        </member>
        <member name="M:NetEti.CustomControls.ZoomBox.SetScale(System.Double,System.Double)">
            <summary>
            Setzt die aktuellen Zoom-Einstellungen der ZoomBox.
            </summary>
            <param name="newScaleX">Der horizontale Vergößerungs-/Verkleinerungsfaktor (Originalgröße = 1.0).</param>
            <param name="newScaleY">Der vertikale Vergößerungs-/Verkleinerungsfaktor (Originalgröße = 1.0).</param>
        </member>
        <member name="M:NetEti.CustomControls.ZoomBox.#ctor">
            <summary>
            Standard-Konstruktor.
            </summary>
        </member>
        <member name="M:NetEti.CustomControls.ZoomBox.previewMouseRightButtonDown(System.Object,System.Windows.Input.MouseButtonEventArgs)">
            <summary>
            Rechte Maustaste: 
              zusammen mit Strg: verkleinert alles, sodass alles im Fenster sichtbar ist.
              zusammen mit Umschalt: setzt alles auf Anfang - kein Zoom, Position links oben.
            </summary>
            <param name="sender">Element, in dem das Event zuerst auftritt.</param>
            <param name="e">Weitergehende Informationen zum Event.</param>
        </member>
        <member name="T:NetEti.CustomControls.Properties.Resources">
            <summary>
              Eine stark typisierte Ressourcenklasse zum Suchen von lokalisierten Zeichenfolgen usw.
            </summary>
        </member>
        <member name="P:NetEti.CustomControls.Properties.Resources.ResourceManager">
            <summary>
              Gibt die zwischengespeicherte ResourceManager-Instanz zurück, die von dieser Klasse verwendet wird.
            </summary>
        </member>
        <member name="P:NetEti.CustomControls.Properties.Resources.Culture">
            <summary>
              Überschreibt die CurrentUICulture-Eigenschaft des aktuellen Threads für alle
              Ressourcenzuordnungen, die diese stark typisierte Ressourcenklasse verwenden.
            </summary>
        </member>
    </members>
</doc>
